,Relief_Concept_Score
tqwt_entropy_shannon_dec_16,0.20760194716182967
tqwt_entropy_shannon_dec_15,0.16839916766646207
mean_MFCC_2nd_coef,0.16365324906398604
std_8th_delta_delta,0.16238745658187162
EEG,0.1584730762749738
std_9th_delta_delta,0.15073624780683675
tqwt_entropy_log_dec_27,0.14589733333057525
tqwt_entropy_log_dec_26,0.14554801485628455
tqwt_entropy_log_dec_12,0.14517828140755695
std_10th_delta_delta,0.14286777053791122
tqwt_kurtosisValue_dec_36,0.1427459448522851
tqwt_entropy_shannon_dec_17,0.14263364286307545
tqwt_stdValue_dec_15,0.1411256443013168
tqwt_maxValue_dec_14,0.14112485968040792
tqwt_minValue_dec_11,0.14046094904503792
tqwt_stdValue_dec_16,0.14012295601759964
tqwt_minValue_dec_14,0.138401859272006
tqwt_maxValue_dec_11,0.13630569997318576
std_8th_delta,0.13528512189586017
tqwt_entropy_shannon_dec_14,0.13295481142054133
tqwt_minValue_dec_15,0.13187936350600127
tqwt_minValue_dec_12,0.1318457078110683
tqwt_stdValue_dec_11,0.1311738734390211
tqwt_kurtosisValue_dec_35,0.13081558901792154
tqwt_maxValue_dec_12,0.13061932051810896
std_10th_delta,0.129266716874814
std_9th_delta,0.12899058443524578
tqwt_entropy_log_dec_13,0.1287187233272823
tqwt_entropy_log_dec_35,0.12789954177683593
std_6th_delta_delta,0.12760905449099033
tqwt_energy_dec_16,0.12747217458919843
tqwt_entropy_log_dec_16,0.12426049914393966
std_11th_delta_delta,0.12394933444718684
tqwt_entropy_log_dec_34,0.1212854622827611
tqwt_entropy_log_dec_15,0.12114275236701755
tqwt_stdValue_dec_14,0.11995794291415016
f1,0.11877027284618075
tqwt_maxValue_dec_15,0.11835896299437595
std_11th_delta,0.11727099799575805
std_12th_delta_delta,0.11678995528681113
tqwt_minValue_dec_13,0.11583503506153836
tqwt_kurtosisValue_dec_34,0.11543646180422507
tqwt_entropy_log_dec_14,0.1142914888247486
tqwt_maxValue_dec_13,0.11352908107366474
std_6th_delta,0.11208404341257502
tqwt_stdValue_dec_9,0.11167702832586285
std_12th_delta,0.11143986698044989
std_7th_delta_delta,0.11101087680768587
tqwt_energy_dec_15,0.11058120993198242
tqwt_kurtosisValue_dec_28,0.10979268291158416
tqwt_entropy_log_dec_17,0.10924892527152785
RPDE,0.10890920751979011
tqwt_entropy_log_dec_11,0.10865778210026994
tqwt_entropy_log_dec_28,0.10741517486796642
std_4th_delta_delta,0.1074076246934422
tqwt_stdValue_dec_10,0.1042724754087006
tqwt_minValue_dec_10,0.10396886886276502
tqwt_energy_dec_26,0.10287867840190588
tqwt_TKEO_std_dec_15,0.10279639919052357
tqwt_maxValue_dec_10,0.1025767868628861
std_7th_delta,0.10144077143942795
std_4th_delta,0.1013781014035077
minIntensity,0.10129323705829907
app_LT_TKEO_mean_7_coef,0.10070543264475312
app_LT_TKEO_mean_5_coef,0.10042353938886645
app_LT_TKEO_mean_6_coef,0.10040203921147611
app_LT_TKEO_std_5_coef,0.09948717134575547
app_LT_TKEO_std_8_coef,0.09917412423941196
tqwt_energy_dec_14,0.09862977187733028
app_LT_TKEO_mean_9_coef,0.09856268347105518
app_LT_TKEO_mean_8_coef,0.09855949977792994
tqwt_kurtosisValue_dec_27,0.0985060367695858
app_LT_TKEO_mean_10_coef,0.09805310277221918
app_LT_TKEO_std_4_coef,0.09780801822550361
app_LT_TKEO_std_10_coef,0.09776281543660614
app_LT_TKEO_std_6_coef,0.09758495782506926
tqwt_entropy_shannon_dec_11,0.0963461801337277
std_3rd_delta_delta,0.09632242513891981
app_LT_TKEO_std_9_coef,0.09629936087831192
app_LT_TKEO_std_7_coef,0.09603414069303862
tqwt_maxValue_dec_16,0.09552130782236071
tqwt_maxValue_dec_9,0.09467138797411329
tqwt_TKEO_mean_dec_16,0.09450690711591038
tqwt_minValue_dec_16,0.09403792890900076
tqwt_stdValue_dec_12,0.09401998264539588
tqwt_energy_dec_13,0.09398635470510461
app_LT_entropy_shannon_6_coef,0.09328481156302088
tqwt_entropy_shannon_dec_13,0.09308558072563687
app_LT_entropy_shannon_5_coef,0.09263562477960952
std_5th_delta_delta,0.0926171922273068
app_LT_entropy_shannon_7_coef,0.091892905808375
meanIntensity,0.09137993140450607
app_LT_entropy_shannon_8_coef,0.09125459467935082
app_LT_entropy_shannon_9_coef,0.091202052753514
app_LT_entropy_shannon_10_coef,0.09114928710686704
tqwt_energy_dec_12,0.09057409919008576
tqwt_stdValue_dec_17,0.09013580696952228
std_delta_delta_log_energy,0.08953323593700564
app_LT_entropy_shannon_4_coef,0.0889681199536404
tqwt_kurtosisValue_dec_26,0.08846906696431643
tqwt_stdValue_dec_13,0.0876485567297106
mean_MFCC_3rd_coef,0.0875459505192715
std_3rd_delta,0.0872908122365798
app_entropy_log_10_coef,0.08705027466121312
app_entropy_log_9_coef,0.08698251955161967
tqwt_entropy_log_dec_10,0.08684107667161967
tqwt_minValue_dec_9,0.08682914297532429
app_entropy_log_8_coef,0.08674591294433376
tqwt_energy_dec_25,0.08659054406408527
app_entropy_log_6_coef,0.08642368739461354
tqwt_entropy_log_dec_33,0.08607712165877163
app_entropy_log_7_coef,0.08605339832011116
meanHarmToNoiseHarmonicity,0.0856186881973422
tqwt_entropy_log_dec_18,0.08515591656964538
app_LT_entropy_log_10_coef,0.0845370308226504
app_LT_entropy_log_9_coef,0.08451362632206882
app_LT_entropy_log_8_coef,0.08448911361750489
app_LT_TKEO_mean_4_coef,0.08383511233835789
app_LT_TKEO_std_2_coef,0.08370696895231433
app_LT_TKEO_std_3_coef,0.08330072616010115
tqwt_entropy_log_dec_8,0.08239381503331106
tqwt_energy_dec_27,0.08206241209366383
tqwt_entropy_log_dec_9,0.0820387696022748
meanPeriodPulses,0.08162380983779643
maxIntensity,0.08155817839254764
f2,0.08127925619486764
std_MFCC_8th_coef,0.0810034657428654
tqwt_TKEO_std_dec_16,0.08085374364356379
tqwt_entropy_log_dec_7,0.08065901233809014
tqwt_entropy_log_dec_6,0.0798810783298235
std_5th_delta,0.07947875618935801
tqwt_entropy_shannon_dec_9,0.0794534979685424
std_MFCC_10th_coef,0.07879164495856317
std_MFCC_7th_coef,0.07832785114275373
VFER_NSR_SEO,0.07766883078237924
app_LT_entropy_shannon_3_coef,0.07647165050757271
tqwt_entropy_log_dec_5,0.07643328936505511
tqwt_entropy_shannon_dec_10,0.07608648781421595
locDbShimmer,0.07525282899250782
tqwt_entropy_log_dec_36,0.07438275555797491
tqwt_TKEO_mean_dec_15,0.07411478393112683
app_TKEO_std_5_coef,0.0720574660226049
app_TKEO_std_4_coef,0.07183921417841124
app_TKEO_std_6_coef,0.07175660432841435
numPeriodsPulses,0.07169597886462054
numPulses,0.07149810450217464
std_MFCC_4th_coef,0.0710563096040579
app_det_TKEO_mean_4_coef,0.0709626710580265
tqwt_TKEO_std_dec_14,0.07087471417621236
app_det_TKEO_mean_5_coef,0.07019257018545622
app_TKEO_std_8_coef,0.06997566186194895
app_det_TKEO_mean_7_coef,0.06980859781189473
app_det_TKEO_mean_6_coef,0.0698032122077889
tqwt_maxValue_dec_1,0.06924254558439175
tqwt_entropy_log_dec_20,0.06910370884837003
app_LT_entropy_shannon_2_coef,0.06883671891202309
app_det_TKEO_mean_8_coef,0.06810320533279311
app_det_TKEO_mean_9_coef,0.06808031326656551
tqwt_stdValue_dec_8,0.06746734928898401
app_det_TKEO_mean_10_coef,0.06729926598391299
app_TKEO_std_10_coef,0.06693589613129776
app_det_TKEO_mean_3_coef,0.0664397330052713
app_LT_entropy_log_7_coef,0.06635359598701907
tqwt_entropy_log_dec_23,0.06627319364616158
app_LT_TKEO_std_1_coef,0.06623547437026445
app_entropy_log_5_coef,0.06610147275684564
IMF_SNR_entropy,0.06568165979811802
locShimmer,0.06525460982753298
app_TKEO_std_9_coef,0.06502528315851128
tqwt_stdValue_dec_18,0.06483250989866313
app_LT_entropy_shannon_1_coef,0.06480789283228594
tqwt_minValue_dec_7,0.0647817739652854
tqwt_stdValue_dec_7,0.06435093908943024
apq11Shimmer,0.063944698067809
std_MFCC_11th_coef,0.06380990877425544
app_entropy_shannon_10_coef,0.06312499120139059
app_entropy_shannon_9_coef,0.06304624878512943
app_entropy_shannon_8_coef,0.06295917489597835
tqwt_maxValue_dec_7,0.06289979426944638
tqwt_TKEO_std_dec_12,0.06273008461137644
app_entropy_shannon_7_coef,0.06262469739315202
app_LT_TKEO_mean_3_coef,0.06257202098291181
tqwt_kurtosisValue_dec_33,0.06251402327079729
tqwt_TKEO_mean_dec_11,0.06250414737288136
app_TKEO_std_7_coef,0.062461051608309795
tqwt_entropy_log_dec_19,0.06227284023800572
app_entropy_shannon_6_coef,0.06207241799851193
mean_MFCC_0th_coef,0.06162817432457324
tqwt_TKEO_std_dec_11,0.06153371488477949
tqwt_energy_dec_17,0.06106875392269706
tqwt_kurtosisValue_dec_29,0.06089351810181655
app_entropy_shannon_5_coef,0.06074389046846085
tqwt_minValue_dec_8,0.06042766059480098
GNE_SNR_SEO,0.06042313016394474
det_LT_entropy_log_3_coef,0.0601031370505912
tqwt_stdValue_dec_26,0.059955874963217234
tqwt_entropy_shannon_dec_18,0.05993400432695417
std_delta_delta_0th,0.05985883815775886
tqwt_entropy_shannon_dec_12,0.05970758085094736
tqwt_entropy_log_dec_4,0.059600865080343735
tqwt_maxValue_dec_8,0.05958880357449085
std_MFCC_9th_coef,0.05940839303829512
mean_MFCC_5th_coef,0.059152682265795786
app_entropy_shannon_4_coef,0.05902396043546765
tqwt_TKEO_mean_dec_9,0.05873186461026109
std_MFCC_12th_coef,0.058557760273059256
tqwt_minValue_dec_26,0.0584712828276861
GQ_std_cycle_open,0.05809571754046225
std_MFCC_3rd_coef,0.05733977026429421
app_entropy_shannon_3_coef,0.05697348709574179
tqwt_entropy_log_dec_25,0.056777214026154765
tqwt_TKEO_mean_dec_14,0.05668328167705777
tqwt_stdValue_dec_23,0.05666177571733316
tqwt_maxValue_dec_17,0.05657695178642613
tqwt_maxValue_dec_26,0.05616950907247542
tqwt_stdValue_dec_35,0.056107760385043066
tqwt_TKEO_std_dec_9,0.055435529034484905
app_entropy_shannon_2_coef,0.05534579736612466
std_delta_log_energy,0.055053641286377325
tqwt_TKEO_mean_dec_10,0.054335915614597295
app_entropy_shannon_1_coef,0.05417246162751177
tqwt_entropy_shannon_dec_34,0.0540512004570448
tqwt_minValue_dec_1,0.05385932349779876
GQ_std_cycle_closed,0.05368860515493595
tqwt_entropy_shannon_dec_20,0.053386912183561286
tqwt_minValue_dec_17,0.053127849734764476
app_TKEO_std_2_coef,0.05297611409042667
app_det_TKEO_mean_2_coef,0.05260973086979666
apq3Shimmer,0.05178916218524049
ddaShimmer,0.05178781443164812
GQ_prc5_95,0.05162360445920844
VFER_entropy,0.05147918710950492
det_LT_entropy_log_4_coef,0.05083791145340216
tqwt_entropy_shannon_dec_35,0.05075622561896412
VFER_mean,0.050469604210359426
std_2nd_delta,0.049682591199916776
tqwt_entropy_log_dec_32,0.04936206601764476
det_LT_entropy_log_5_coef,0.049345917255795235
tqwt_entropy_log_dec_3,0.04932420162946993
tqwt_stdValue_dec_34,0.04932098540241098
app_LT_entropy_log_6_coef,0.04884133978415783
tqwt_energy_dec_28,0.04863656007983154
app_TKEO_std_3_coef,0.04844911598260619
tqwt_energy_dec_21,0.048430763945948585
app_entropy_log_4_coef,0.048062040012224694
tqwt_stdValue_dec_27,0.04805266342537955
mean_Log_energy,0.0478990174234295
apq5Shimmer,0.04759406860620291
IMF_NSR_SEO,0.047433577356098544
std_MFCC_5th_coef,0.04643739428192817
tqwt_stdValue_dec_6,0.04609474212899975
std_MFCC_6th_coef,0.04606062099660482
det_LT_entropy_log_6_coef,0.04556424779031315
app_LT_TKEO_mean_2_coef,0.04532168069097575
tqwt_entropy_shannon_dec_19,0.044861383422609924
std_2nd_delta_delta,0.044759659116648254
locPctJitter,0.04474267796164958
std_1st_delta,0.04451309802175579
mean_MFCC_7th_coef,0.04443152112079379
tqwt_entropy_log_dec_22,0.043588356975119535
tqwt_minValue_dec_34,0.04340099314701762
tqwt_maxValue_dec_27,0.04332081360417185
tqwt_TKEO_std_dec_10,0.04330379131489863
IMF_NSR_entropy,0.04292969022561127
IMF_SNR_SEO,0.04276872830996237
tqwt_TKEO_std_dec_13,0.04272499427855892
tqwt_stdValue_dec_19,0.04214236997467791
mean_MFCC_9th_coef,0.04191879770904644
std_1st_delta_delta,0.041801250112721344
tqwt_maxValue_dec_34,0.04168465982757164
std_MFCC_1st_coef,0.04144496091662375
tqwt_minValue_dec_27,0.04090228746392288
meanAutoCorrHarmonicity,0.0403061113381008
tqwt_energy_dec_11,0.04022799824273687
locAbsJitter,0.04021133427985074
tqwt_entropy_log_dec_2,0.040122196972021074
std_0th_delta,0.039948708161060054
ppq5Jitter,0.03990567996987661
tqwt_maxValue_dec_2,0.03977246810920143
app_entropy_log_3_coef,0.039178074531037166
mean_MFCC_6th_coef,0.03910899254530287
tqwt_maxValue_dec_18,0.038255283247148
tqwt_stdValue_dec_5,0.038183793729971674
det_LT_entropy_log_7_coef,0.03812253561758
tqwt_minValue_dec_18,0.03807126388284998
mean_MFCC_4th_coef,0.03798668018200374
tqwt_minValue_dec_35,0.037865849036368915
tqwt_kurtosisValue_dec_25,0.0377351084201529
VFER_SNR_TKEO,0.03762705489179091
tqwt_entropy_shannon_dec_22,0.03735649146343606
app_TKEO_std_1_coef,0.03728678969261935
tqwt_entropy_log_dec_21,0.037276562528504864
tqwt_stdValue_dec_36,0.0369788657266174
tqwt_maxValue_dec_35,0.036917905446496715
tqwt_entropy_shannon_dec_8,0.035819907142436755
stdDevPeriodPulses,0.035721670576834105
tqwt_TKEO_mean_dec_12,0.035415270037180424
rapJitter,0.03537446326266855
ddpJitter,0.035359632373422475
tqwt_maxValue_dec_6,0.03505440162042056
tqwt_minValue_dec_5,0.034960580664640695
tqwt_minValue_dec_2,0.03475648249444452
tqwt_entropy_log_dec_29,0.0347230975134023
app_entropy_log_2_coef,0.03449744609886807
tqwt_maxValue_dec_5,0.034321159464890214
app_LT_entropy_log_5_coef,0.03378653460679171
tqwt_energy_dec_24,0.033721383905549934
tqwt_minValue_dec_6,0.03364924265715563
tqwt_kurtosisValue_dec_30,0.03357133182618202
tqwt_kurtosisValue_dec_5,0.03333751764315605
app_LT_TKEO_mean_1_coef,0.0331307480252489
app_entropy_log_1_coef,0.032879488025679415
det_entropy_log_3_coef,0.03282356634556027
PPE,0.03273203510763145
std_Log_energy,0.03272693838370137
GNE_mean,0.03224620081113119
tqwt_entropy_log_dec_24,0.03195697061981151
tqwt_stdValue_dec_20,0.0317827072119318
tqwt_medianValue_dec_36,0.03177207186558373
meanNoiseToHarmHarmonicity,0.031634739860355615
tqwt_TKEO_mean_dec_34,0.03153339274847894
tqwt_entropy_shannon_dec_7,0.03151924152921147
det_LT_entropy_log_8_coef,0.03136550054120085
tqwt_minValue_dec_23,0.031351847950499945
tqwt_TKEO_mean_dec_18,0.031349124292326544
tqwt_energy_dec_20,0.03133008040294591
tqwt_maxValue_dec_23,0.03126413584638901
tqwt_TKEO_mean_dec_23,0.03108245316481776
IMF_NSR_TKEO,0.03104391418120335
tqwt_stdValue_dec_24,0.030846460171590623
tqwt_TKEO_mean_dec_17,0.030718838406339835
tqwt_skewnessValue_dec_28,0.030265379257029823
det_LT_entropy_log_2_coef,0.029763396979773704
tqwt_kurtosisValue_dec_20,0.029690495602627466
tqwt_stdValue_dec_28,0.029610897930767963
tqwt_entropy_log_dec_31,0.029283410599235504
std_MFCC_0th_coef,0.029011168253635873
tqwt_energy_dec_22,0.028720118964219873
tqwt_TKEO_mean_dec_35,0.028180115191657768
mean_2nd_delta,0.028142558651968352
GNE_NSR_SEO,0.028061298084420316
tqwt_minValue_dec_36,0.027824138924252395
tqwt_kurtosisValue_dec_4,0.027787951761232034
tqwt_TKEO_std_dec_34,0.027414184362472015
mean_MFCC_8th_coef,0.027351548189642583
tqwt_maxValue_dec_28,0.02656778273234136
tqwt_TKEO_std_dec_17,0.026557579511390997
tqwt_maxValue_dec_4,0.026506033277826524
tqwt_maxValue_dec_25,0.026471466789710713
tqwt_minValue_dec_25,0.02634661071978428
tqwt_minValue_dec_4,0.026006220857808127
tqwt_TKEO_mean_dec_13,0.025863717445810612
tqwt_minValue_dec_19,0.02580006968117088
tqwt_meanValue_dec_36,0.025700359629814207
det_LT_entropy_log_10_coef,0.025697290410738594
tqwt_maxValue_dec_36,0.02558231167237532
det_entropy_log_5_coef,0.02553633350274509
det_entropy_log_4_coef,0.025401111715945945
tqwt_stdValue_dec_25,0.025240608271172
tqwt_minValue_dec_28,0.025162455011289775
tqwt_kurtosisValue_dec_6,0.02511761094734415
tqwt_kurtosisValue_dec_3,0.024977922001129534
tqwt_maxValue_dec_19,0.024816251904536013
tqwt_entropy_shannon_dec_6,0.024792028813182234
tqwt_kurtosisValue_dec_18,0.024684456157728747
tqwt_TKEO_std_dec_7,0.024302158582591327
tqwt_TKEO_mean_dec_7,0.024019950063715295
tqwt_TKEO_mean_dec_27,0.023881919440845504
tqwt_kurtosisValue_dec_32,0.02387176420376093
tqwt_minValue_dec_24,0.023868527436266107
tqwt_kurtosisValue_dec_16,0.023773816937669917
tqwt_minValue_dec_33,0.023587741883519642
tqwt_maxValue_dec_3,0.023564304234502592
tqwt_minValue_dec_3,0.023507559498972874
tqwt_TKEO_std_dec_35,0.023506074437240072
app_det_TKEO_mean_1_coef,0.02346859011346552
tqwt_kurtosisValue_dec_17,0.0234252297556384
tqwt_TKEO_mean_dec_26,0.02342096403546652
det_LT_entropy_log_9_coef,0.02339048269740801
tqwt_stdValue_dec_22,0.023386891218722228
tqwt_maxValue_dec_24,0.02338533720333219
tqwt_skewnessValue_dec_29,0.023317077214602966
app_LT_entropy_log_4_coef,0.023251633621171774
tqwt_TKEO_std_dec_1,0.02292182734286337
tqwt_TKEO_std_dec_26,0.022859790189196295
tqwt_energy_dec_18,0.022853711336136506
tqwt_stdValue_dec_4,0.022714765198074457
tqwt_kurtosisValue_dec_19,0.022596900192047596
tqwt_TKEO_std_dec_8,0.02257851511402674
b3,0.022539705123237608
tqwt_energy_dec_8,0.022495111805574786
tqwt_TKEO_mean_dec_8,0.022327825777309757
tqwt_energy_dec_7,0.021489826905610833
f3,0.021441651725355615
tqwt_entropy_shannon_dec_5,0.021188057962604777
tqwt_stdValue_dec_33,0.02111622863513973
tqwt_energy_dec_6,0.020925389548984062
tqwt_kurtosisValue_dec_21,0.020816980285711155
tqwt_kurtosisValue_dec_22,0.02068119405078167
tqwt_kurtosisValue_dec_2,0.020650970353997527
tqwt_maxValue_dec_33,0.0205792103797368
tqwt_entropy_log_dec_1,0.020412297777258004
tqwt_energy_dec_9,0.020391037498905428
tqwt_energy_dec_5,0.020351215867488927
tqwt_TKEO_std_dec_27,0.01994107284645001
tqwt_energy_dec_33,0.019764564214914702
tqwt_stdValue_dec_2,0.019761994736488764
tqwt_energy_dec_10,0.01919197836452352
det_LT_entropy_log_1_coef,0.019170028781345883
app_LT_entropy_log_3_coef,0.018969315902031325
app_LT_entropy_log_1_coef,0.01866986381300384
tqwt_entropy_shannon_dec_23,0.018573682508223
det_entropy_log_6_coef,0.018508496459387125
app_LT_entropy_log_2_coef,0.017865768739960375
mean_1st_delta,0.01753925003998974
mean_MFCC_11th_coef,0.0172222973326015
mean_MFCC_1st_coef,0.01719729285226823
tqwt_energy_dec_34,0.017025390428234925
tqwt_stdValue_dec_31,0.016961569119202963
tqwt_energy_dec_35,0.0165188030669643
tqwt_skewnessValue_dec_32,0.01647977998656519
b4,0.01636572735831464
tqwt_TKEO_std_dec_19,0.016358729106395853
tqwt_medianValue_dec_22,0.01622427765026535
tqwt_energy_dec_31,0.01621346627284702
det_entropy_log_2_coef,0.01619824108224388
tqwt_TKEO_mean_dec_36,0.0158962075715158
tqwt_TKEO_mean_dec_24,0.015848296240931044
tqwt_minValue_dec_31,0.01583333743600246
tqwt_TKEO_mean_dec_5,0.015816358551062004
tqwt_energy_dec_36,0.015695655335120264
GNE_SNR_TKEO,0.015674592002605695
tqwt_skewnessValue_dec_33,0.015623166381727005
tqwt_TKEO_mean_dec_6,0.015508368259881784
tqwt_skewnessValue_dec_31,0.01532155184722156
tqwt_TKEO_std_dec_24,0.01524642604741628
VFER_NSR_TKEO,0.015088567828609567
tqwt_TKEO_mean_dec_31,0.015057830770683076
tqwt_entropy_shannon_dec_36,0.014867615362466724
tqwt_kurtosisValue_dec_15,0.014843917710633505
tqwt_stdValue_dec_32,0.014759896866942922
tqwt_maxValue_dec_31,0.014702785620874154
tqwt_entropy_shannon_dec_21,0.014671781265563566
tqwt_medianValue_dec_10,0.014608745393840494
tqwt_medianValue_dec_25,0.01459069437133692
tqwt_skewnessValue_dec_27,0.014465189725547889
tqwt_maxValue_dec_32,0.014368103936222391
tqwt_TKEO_std_dec_25,0.01430109129014455
mean_delta_log_energy,0.014106280444545427
det_LT_entropy_shannon_2_coef,0.014089647918531317
tqwt_TKEO_std_dec_18,0.013992086838912676
tqwt_minValue_dec_32,0.01393909906277424
tqwt_TKEO_std_dec_5,0.01366319367159931
tqwt_TKEO_mean_dec_19,0.013654706974429498
mean_MFCC_10th_coef,0.013621286622222173
tqwt_medianValue_dec_5,0.013600915640225364
tqwt_TKEO_std_dec_6,0.013511416823913727
tqwt_stdValue_dec_3,0.013481294502242419
tqwt_TKEO_std_dec_31,0.01299610387698492
VFER_std,0.012892327831777427
tqwt_skewnessValue_dec_35,0.012557585123868786
tqwt_energy_dec_32,0.01251919857990192
GNE_NSR_TKEO,0.012368991676534158
tqwt_kurtosisValue_dec_31,0.01234797721442056
tqwt_entropy_shannon_dec_31,0.011946113228906707
tqwt_entropy_shannon_dec_27,0.011919581138855606
tqwt_TKEO_std_dec_2,0.011887240323182405
mean_0th_delta,0.011866965868794432
tqwt_TKEO_std_dec_21,0.011846989885513713
det_entropy_log_7_coef,0.011623433267734518
tqwt_TKEO_mean_dec_28,0.01151282833367126
tqwt_minValue_dec_22,0.011444476397836967
mean_5th_delta,0.011337097595801482
IMF_SNR_TKEO,0.011327652285713058
tqwt_kurtosisValue_dec_7,0.011165178355724203
tqwt_TKEO_mean_dec_2,0.011094670143632954
tqwt_medianValue_dec_12,0.011048433964425619
mean_MFCC_12th_coef,0.0110479631273811
tqwt_stdValue_dec_1,0.010851459406577751
VFER_SNR_SEO,0.010779487578087901
tqwt_kurtosisValue_dec_12,0.01072854470437977
det_entropy_log_1_coef,0.010705115401931309
tqwt_maxValue_dec_22,0.010625256697507773
tqwt_kurtosisValue_dec_1,0.010432843610646593
tqwt_medianValue_dec_9,0.010383986649651289
mean_4th_delta_delta,0.010197587131854757
tqwt_energy_dec_29,0.010159567827028908
Ed_10_coef,0.01012878959838599
det_LT_entropy_shannon_3_coef,0.009933496948811293
tqwt_TKEO_std_dec_28,0.00989600710827843
tqwt_TKEO_mean_dec_1,0.009846653408322005
tqwt_kurtosisValue_dec_13,0.009816055490073451
tqwt_medianValue_dec_31,0.00958040390349263
mean_11th_delta_delta,0.009447038389786555
tqwt_medianValue_dec_2,0.009404660534168552
std_MFCC_2nd_coef,0.0092512189398955
tqwt_TKEO_std_dec_33,0.009059446223163023
tqwt_TKEO_mean_dec_33,0.008891170682028113
tqwt_TKEO_std_dec_23,0.008848355433506826
tqwt_energy_dec_3,0.008839155758282473
tqwt_maxValue_dec_29,0.008796485780555988
tqwt_kurtosisValue_dec_24,0.008489192814382396
mean_9th_delta_delta,0.008011590255504464
tqwt_minValue_dec_29,0.008004434961878637
tqwt_entropy_log_dec_30,0.00790415503506503
mean_5th_delta_delta,0.007791540467351643
tqwt_entropy_shannon_dec_4,0.007695036790498849
tqwt_medianValue_dec_6,0.007586259441101029
tqwt_energy_dec_1,0.007506702732433134
Ed2_10_coef,0.007451320415557324
det_LT_entropy_shannon_4_coef,0.00743701640894745
tqwt_entropy_shannon_dec_2,0.007389645502343771
tqwt_TKEO_mean_dec_21,0.007327455801289982
mean_10th_delta_delta,0.0072498237896940765
tqwt_skewnessValue_dec_36,0.0071837447237859675
tqwt_TKEO_std_dec_36,0.007174379741108515
tqwt_TKEO_mean_dec_32,0.007100483045724854
tqwt_TKEO_mean_dec_25,0.007100113961722054
mean_3rd_delta,0.007049601858277854
tqwt_energy_dec_2,0.007025161359517801
tqwt_medianValue_dec_13,0.006946561704720522
tqwt_TKEO_std_dec_32,0.0069421666312093075
mean_4th_delta,0.0068615341837863775
tqwt_skewnessValue_dec_34,0.006488059995266471
det_entropy_log_8_coef,0.0064877341310677905
tqwt_kurtosisValue_dec_8,0.006394296401282149
det_LT_TKEO_mean_10_coef,0.006359676327295235
tqwt_kurtosisValue_dec_14,0.0063321026780732495
mean_12th_delta_delta,0.0063193198388030725
tqwt_stdValue_dec_29,0.006231639508522473
tqwt_medianValue_dec_26,0.0061073861535649865
tqwt_TKEO_std_dec_20,0.006062670563153308
tqwt_TKEO_mean_dec_20,0.006041237186673626
det_LT_TKEO_std_10_coef,0.006030483763564719
tqwt_TKEO_std_dec_22,0.00600289553789219
tqwt_kurtosisValue_dec_11,0.005987049279486902
tqwt_skewnessValue_dec_11,0.005908360697175041
det_entropy_log_10_coef,0.005876234140932413
tqwt_entropy_shannon_dec_1,0.005814070167821428
GNE_std,0.005740123691820254
f4,0.005687057991560107
tqwt_skewnessValue_dec_24,0.005555390068713528
tqwt_minValue_dec_20,0.005549693073115591
Ea2,0.005445290101101619
tqwt_entropy_shannon_dec_30,0.00540803596186934
mean_1st_delta_delta,0.00537647179652756
tqwt_medianValue_dec_1,0.005372312513331423
tqwt_skewnessValue_dec_30,0.00532160842942575
det_LT_TKEO_mean_9_coef,0.005309805267737253
tqwt_skewnessValue_dec_15,0.005225130944243039
det_LT_entropy_shannon_10_coef,0.005217767814827745
Ea,0.005163726608055641
tqwt_TKEO_mean_dec_22,0.00516242117187686
det_LT_TKEO_std_5_coef,0.005158420072141746
det_TKEO_std_3_coef,0.005151489023208677
det_LT_TKEO_std_9_coef,0.005097452946973736
b2,0.0050871596695430815
tqwt_skewnessValue_dec_13,0.0050817112672887355
det_entropy_shannon_4_coef,0.004972403308711848
tqwt_medianValue_dec_35,0.004943560572924555
tqwt_entropy_shannon_dec_25,0.004934851595475354
tqwt_maxValue_dec_20,0.0049342422326741076
det_entropy_shannon_3_coef,0.004851178207352591
tqwt_medianValue_dec_33,0.004757294240369747
det_TKEO_mean_3_coef,0.004649402113233554
det_entropy_shannon_2_coef,0.004614881372720037
tqwt_medianValue_dec_32,0.00459801419046002
tqwt_TKEO_std_dec_29,0.00456027009517793
tqwt_medianValue_dec_7,0.00445286243945997
tqwt_stdValue_dec_21,0.0044341195991785265
det_TKEO_mean_2_coef,0.004422428272303908
Ed_7_coef,0.004400468132508213
det_LT_entropy_shannon_6_coef,0.004380573842182045
tqwt_skewnessValue_dec_26,0.004359232533539148
tqwt_kurtosisValue_dec_9,0.004294774029701461
tqwt_medianValue_dec_29,0.004282707578385669
tqwt_medianValue_dec_8,0.004282193265239487
tqwt_skewnessValue_dec_7,0.004267498541418502
det_TKEO_mean_4_coef,0.004264685761550823
tqwt_entropy_shannon_dec_24,0.004252156745429336
tqwt_minValue_dec_21,0.004145766117458205
tqwt_medianValue_dec_14,0.004033673557690354
Ed2_7_coef,0.004030234921712658
Ed2_5_coef,0.004022542636747711
tqwt_skewnessValue_dec_6,0.003944882516609904
b1,0.003943826949583194
tqwt_skewnessValue_dec_17,0.0037896360997441425
tqwt_skewnessValue_dec_10,0.0037296756413218723
mean_6th_delta,0.0037061298505644547
tqwt_TKEO_mean_dec_29,0.0036736973882785353
det_LT_entropy_shannon_1_coef,0.003665596286457906
det_TKEO_mean_8_coef,0.003664284604408794
tqwt_skewnessValue_dec_16,0.003630167317016042
det_LT_TKEO_mean_7_coef,0.003546330770539264
det_TKEO_std_2_coef,0.003531950048864233
tqwt_medianValue_dec_34,0.0035174543243001732
tqwt_skewnessValue_dec_1,0.003512522105551641
det_LT_TKEO_mean_6_coef,0.0034060069884423935
Ed2_9_coef,0.0034019143174715653
det_entropy_shannon_8_coef,0.0033681783495387307
det_TKEO_std_8_coef,0.003363719107335365
mean_delta_delta_log_energy,0.003341054926503273
tqwt_medianValue_dec_24,0.003330689344311022
tqwt_skewnessValue_dec_9,0.003288411491061405
tqwt_medianValue_dec_15,0.0032608282589896564
tqwt_kurtosisValue_dec_10,0.003241617333337618
det_TKEO_mean_1_coef,0.0032245788516640323
det_TKEO_std_5_coef,0.0031660906163816296
tqwt_energy_dec_4,0.0031302140725854126
det_LT_TKEO_std_7_coef,0.003118451699210497
mean_8th_delta,0.003025591152845175
mean_9th_delta,0.0029656353766563948
tqwt_skewnessValue_dec_25,0.00293460094600273
det_LT_entropy_shannon_9_coef,0.002909557837182497
mean_11th_delta,0.002826071482338821
tqwt_entropy_shannon_dec_28,0.0028145452867388565
tqwt_entropy_shannon_dec_29,0.0028059422545467783
tqwt_medianValue_dec_27,0.002782339144533741
tqwt_medianValue_dec_20,0.002764141997504632
det_LT_TKEO_std_4_coef,0.0026863742451600087
mean_3rd_delta_delta,0.002594741479306939
det_entropy_shannon_5_coef,0.0025787198771284325
tqwt_medianValue_dec_11,0.002575528421349893
Ed_3_coef,0.0025712965812084284
tqwt_maxValue_dec_21,0.0025169914789232306
tqwt_entropy_shannon_dec_32,0.0025101843618769992
tqwt_medianValue_dec_28,0.0024683407143445413
tqwt_stdValue_dec_30,0.0024456669439252565
det_TKEO_std_4_coef,0.0024441563069823435
det_entropy_shannon_1_coef,0.0024318950147589335
Ed_9_coef,0.00239807896867432
tqwt_skewnessValue_dec_23,0.002349585017013822
Ed_5_coef,0.002330453201369225
det_LT_TKEO_mean_5_coef,0.002323715174299369
tqwt_TKEO_mean_dec_3,0.002306668774568643
det_entropy_log_9_coef,0.002274885979911212
mean_10th_delta,0.002216756460904745
tqwt_skewnessValue_dec_21,0.0022059880076847893
det_TKEO_mean_6_coef,0.002153112683080761
det_LT_entropy_shannon_7_coef,0.002152299620669429
det_entropy_shannon_7_coef,0.0019768833984888934
det_TKEO_std_1_coef,0.001964360441040541
tqwt_medianValue_dec_18,0.0019271992007863226
det_LT_TKEO_mean_4_coef,0.0019168729562661947
det_TKEO_mean_7_coef,0.0019112242930794205
Ed2_6_coef,0.0019094125878681908
tqwt_maxValue_dec_30,0.0018813791237262054
det_TKEO_std_9_coef,0.0018789214182731682
det_TKEO_mean_5_coef,0.0018598070723509028
tqwt_minValue_dec_30,0.0018066482078300528
tqwt_skewnessValue_dec_4,0.0017917386797766666
det_LT_TKEO_mean_3_coef,0.0017628479486199618
det_TKEO_std_7_coef,0.001747629063926331
tqwt_skewnessValue_dec_3,0.0016259103606808822
det_TKEO_mean_10_coef,0.0016256936594987483
tqwt_skewnessValue_dec_19,0.001624185519155441
mean_delta_delta_0th,0.0016101687421095079
det_entropy_shannon_10_coef,0.001598930498129425
tqwt_TKEO_mean_dec_30,0.00152968565026225
Ed2_1_coef,0.0014562358828998333
mean_12th_delta,0.001455959636156412
mean_6th_delta_delta,0.001450842230932281
Ed_1_coef,0.0014114152858240043
tqwt_medianValue_dec_16,0.0013041639177179265
tqwt_medianValue_dec_3,0.0012952746037986351
tqwt_medianValue_dec_30,0.0012629207847096313
Ed_8_coef,0.0012274717803553385
tqwt_skewnessValue_dec_2,0.0012089774773558215
det_TKEO_std_10_coef,0.0011908583480864394
det_LT_entropy_shannon_5_coef,0.001179148833515331
det_LT_TKEO_std_1_coef,0.0011575379661282192
mean_2nd_delta_delta,0.0011507310213796362
tqwt_skewnessValue_dec_20,0.0011478145309694598
tqwt_entropy_shannon_dec_33,0.0010660002050092432
tqwt_skewnessValue_dec_18,0.0010519402965882274
det_LT_TKEO_std_3_coef,0.001023214074607589
Ed2_3_coef,0.001007725575886232
tqwt_skewnessValue_dec_8,0.0010022285944069065
tqwt_skewnessValue_dec_14,0.0009761553905414111
tqwt_medianValue_dec_17,0.0009683551329056905
det_LT_TKEO_mean_2_coef,0.0009194154208775653
tqwt_skewnessValue_dec_12,0.000871137286483803
Ed_2_coef,0.000868938843120344
tqwt_TKEO_std_dec_3,0.000860637778661473
tqwt_TKEO_std_dec_4,0.0008558238455328871
det_entropy_shannon_6_coef,0.0008071720954341277
tqwt_kurtosisValue_dec_23,0.0007649173414303271
tqwt_skewnessValue_dec_22,0.0007648867073549726
Ed_4_coef,0.0007573364223908904
det_LT_TKEO_mean_8_coef,0.0007104514686914996
tqwt_TKEO_mean_dec_4,0.0006988999825356668
tqwt_medianValue_dec_4,0.0006677712724212359
tqwt_entropy_shannon_dec_26,0.0006221577803531275
mean_8th_delta_delta,0.0005788927984818892
tqwt_medianValue_dec_19,0.0005745796505881584
Ed_6_coef,0.000571018084722685
tqwt_TKEO_std_dec_30,0.0005651885526992556
det_LT_TKEO_std_6_coef,0.0005374615634242616
tqwt_entropy_shannon_dec_3,0.000526910723946894
Ed2_2_coef,0.0005218282643366101
tqwt_medianValue_dec_21,0.0005047580419705877
mean_7th_delta_delta,0.0004995477576826279
Ed2_8_coef,0.0004139022205710604
tqwt_medianValue_dec_23,0.0004044843485469518
mean_7th_delta,0.00034587353306986257
det_entropy_shannon_9_coef,0.0003365675725293116
det_TKEO_std_6_coef,0.0003240633328391012
Ed2_4_coef,0.0002548251541006144
det_TKEO_mean_9_coef,0.00025462432782384463
det_LT_TKEO_std_2_coef,0.00019194299344461006
det_LT_entropy_shannon_8_coef,0.000158376185981135
tqwt_energy_dec_23,0.00015641391848997266
det_LT_TKEO_std_8_coef,0.00014424855563788426
tqwt_energy_dec_30,0.00014175646131400418
tqwt_energy_dec_19,0.00013629948362867128
tqwt_skewnessValue_dec_5,5.659911391941996e-05
det_LT_TKEO_mean_1_coef,6.086607535593647e-06
tqwt_meanValue_dec_33,2.2899246453900354e-19
tqwt_meanValue_dec_23,2.1038282690602846e-19
tqwt_meanValue_dec_19,1.7136065824467997e-19
tqwt_meanValue_dec_27,1.5737038896276334e-19
tqwt_meanValue_dec_22,1.4991769281915042e-19
tqwt_meanValue_dec_34,1.406670283687935e-19
tqwt_meanValue_dec_28,1.224107313829712e-19
tqwt_meanValue_dec_25,1.1848877105496439e-19
tqwt_meanValue_dec_18,7.573600842198501e-20
tqwt_meanValue_dec_16,6.448934253102817e-20
tqwt_meanValue_dec_26,6.115727393616973e-20
tqwt_meanValue_dec_29,5.371306194592327e-20
tqwt_meanValue_dec_17,4.636830895390091e-20
tqwt_meanValue_dec_24,4.0407626108155175e-20
tqwt_meanValue_dec_11,2.1096360283687787e-20
tqwt_meanValue_dec_15,1.7272032136524356e-20
tqwt_meanValue_dec_30,1.546693905141813e-20
tqwt_meanValue_dec_31,1.4307268395390362e-20
tqwt_meanValue_dec_21,1.3493582890071972e-20
tqwt_meanValue_dec_20,1.3191584663120349e-20
tqwt_meanValue_dec_14,1.1165577570922148e-20
tqwt_meanValue_dec_35,1.0699225842198131e-20
tqwt_meanValue_dec_12,8.18631327570904e-21
tqwt_meanValue_dec_7,7.544437362588683e-21
tqwt_meanValue_dec_13,5.230517686170126e-21
tqwt_meanValue_dec_32,5.088207668438877e-21
tqwt_meanValue_dec_10,3.765194038120522e-21
tqwt_meanValue_dec_5,2.632559621010635e-21
tqwt_meanValue_dec_8,2.2013443040780027e-21
tqwt_meanValue_dec_9,1.7640694813830022e-21
tqwt_meanValue_dec_2,9.191947411347543e-22
tqwt_meanValue_dec_4,4.65403729166659e-22
tqwt_meanValue_dec_3,4.562374370567391e-22
tqwt_meanValue_dec_1,2.1159303856382988e-22
tqwt_meanValue_dec_6,1.604178989361757e-22
