,CSFA_Correlation_Absolute_Value
mean_MFCC_2nd_coef,0.3986953238363737
tqwt_minValue_dec_12,0.3957402096701897
tqwt_stdValue_dec_12,0.39302880603043483
tqwt_maxValue_dec_12,0.3912875991464585
tqwt_stdValue_dec_11,0.39108103735251654
tqwt_entropy_log_dec_12,0.38100274065080125
tqwt_maxValue_dec_11,0.37848478080148834
tqwt_minValue_dec_11,0.3665520200736649
tqwt_minValue_dec_13,0.3652644169527597
std_9th_delta_delta,0.3643329784187204
std_8th_delta_delta,0.3642562993989773
tqwt_maxValue_dec_13,0.3618003014169519
std_7th_delta_delta,0.35423906867548904
tqwt_stdValue_dec_13,0.35324869871379194
std_6th_delta_delta,0.34904581491412684
tqwt_entropy_shannon_dec_11,0.3478987971282313
tqwt_kurtosisValue_dec_27,0.34760438453107295
std_8th_delta,0.3428754568881087
tqwt_entropy_log_dec_11,0.3423267043111995
tqwt_TKEO_std_dec_12,0.34039461844295826
tqwt_TKEO_std_dec_11,0.33801291793379
tqwt_entropy_log_dec_13,0.3358688646355005
tqwt_kurtosisValue_dec_26,0.33543027008399257
std_10th_delta_delta,0.3354082288382902
std_9th_delta,0.33539553330358896
std_11th_delta_delta,0.3353579737113399
tqwt_entropy_shannon_dec_13,0.3310506556832079
tqwt_entropy_shannon_dec_16,0.3265724003903448
tqwt_entropy_shannon_dec_15,0.3260744181963017
tqwt_entropy_shannon_dec_12,0.32549068231531136
tqwt_stdValue_dec_15,0.32495690987574494
std_6th_delta,0.32312634031192455
tqwt_energy_dec_12,0.32265462809334255
std_7th_delta,0.3198246701674693
tqwt_stdValue_dec_14,0.31976673956027984
std_delta_delta_log_energy,0.3186872493981883
tqwt_maxValue_dec_14,0.3157538658772465
tqwt_minValue_dec_14,0.3145642668562981
std_10th_delta,0.3111600026884653
std_11th_delta,0.3110077619771461
tqwt_energy_dec_13,0.3108823124130104
tqwt_stdValue_dec_10,0.3107806921533239
tqwt_stdValue_dec_16,0.3098380844452009
tqwt_entropy_shannon_dec_14,0.3086235312638421
tqwt_entropy_log_dec_16,0.30704270111546833
EEG,0.306070371397854
tqwt_energy_dec_15,0.3058615392746434
std_12th_delta_delta,0.3045158395771248
tqwt_entropy_shannon_dec_17,0.30417014012503923
tqwt_entropy_log_dec_15,0.3000675798299284
tqwt_stdValue_dec_7,0.2998800180302564
f1,0.29836906368717436
tqwt_minValue_dec_10,0.2972563502206674
tqwt_energy_dec_14,0.2971039142232761
tqwt_maxValue_dec_10,0.29682491009759515
app_det_TKEO_mean_7_coef,0.2954318683162926
tqwt_entropy_log_dec_14,0.29537617027866947
app_TKEO_std_8_coef,0.2953199259994965
app_det_TKEO_mean_8_coef,0.2953009483489912
app_det_TKEO_mean_9_coef,0.29521379557461064
app_det_TKEO_mean_10_coef,0.2951137285223834
tqwt_TKEO_mean_dec_11,0.29485909048753767
app_TKEO_std_10_coef,0.29447411805157114
app_TKEO_std_9_coef,0.294020809108843
app_det_TKEO_mean_6_coef,0.2934466038555055
app_TKEO_std_7_coef,0.2932095589116682
app_entropy_shannon_10_coef,0.29244505069190296
app_entropy_shannon_9_coef,0.29240801351987444
app_entropy_shannon_8_coef,0.29238328125533575
app_entropy_shannon_7_coef,0.29224407878114045
app_entropy_shannon_6_coef,0.2922311455752379
app_entropy_shannon_5_coef,0.29183333478282564
app_entropy_shannon_4_coef,0.29106327389897574
app_entropy_shannon_3_coef,0.2899089624230032
app_det_TKEO_mean_5_coef,0.28957155885809477
tqwt_stdValue_dec_8,0.28927829175181524
app_entropy_shannon_2_coef,0.2888652519370376
app_TKEO_std_5_coef,0.28818853743997425
app_entropy_shannon_1_coef,0.2880560477108964
tqwt_entropy_shannon_dec_10,0.2872976331961715
app_TKEO_std_6_coef,0.2870868386010629
tqwt_stdValue_dec_9,0.2860568101312587
tqwt_TKEO_std_dec_14,0.28542084647707266
app_det_TKEO_mean_4_coef,0.28487957234786576
numPulses,0.28405588727234515
numPeriodsPulses,0.28400220956360456
app_TKEO_std_4_coef,0.28365108947243883
tqwt_entropy_log_dec_8,0.28282678766731945
tqwt_TKEO_mean_dec_15,0.28157531082119147
tqwt_entropy_log_dec_10,0.2814804076887419
tqwt_entropy_log_dec_35,0.2807705197731722
std_12th_delta,0.2799307082972167
tqwt_kurtosisValue_dec_36,0.27982669600913734
tqwt_TKEO_std_dec_13,0.27884121446978233
tqwt_entropy_log_dec_34,0.2786252024870252
VFER_entropy,0.278311928004397
tqwt_entropy_log_dec_26,0.2781715560829091
tqwt_TKEO_std_dec_15,0.2773677418189694
std_4th_delta_delta,0.27731291946173997
tqwt_entropy_log_dec_9,0.27712098847620503
tqwt_entropy_log_dec_7,0.27686530758533173
tqwt_energy_dec_11,0.2763560896144536
tqwt_entropy_log_dec_17,0.2762395987386456
minIntensity,0.2752157595567619
tqwt_TKEO_mean_dec_16,0.2749939981524285
app_det_TKEO_mean_3_coef,0.27273147660603114
std_4th_delta,0.2724794815045092
app_LT_TKEO_std_7_coef,0.2712392238974795
tqwt_minValue_dec_15,0.2710551217601509
tqwt_maxValue_dec_15,0.2705560489995196
tqwt_energy_dec_16,0.2701225785227115
tqwt_kurtosisValue_dec_28,0.26989174263897153
tqwt_entropy_log_dec_27,0.2695787937904974
app_LT_TKEO_mean_7_coef,0.2685729631574482
app_LT_TKEO_std_8_coef,0.2682519735833392
app_LT_TKEO_mean_8_coef,0.2674155892043119
app_LT_TKEO_mean_9_coef,0.2674115991861483
app_LT_TKEO_mean_10_coef,0.2669748122527606
app_LT_TKEO_std_10_coef,0.26685611001159304
app_LT_TKEO_mean_6_coef,0.26667735438716056
app_LT_TKEO_std_9_coef,0.266143127716385
VFER_mean,0.2656855805500263
app_LT_TKEO_std_5_coef,0.2655362925893532
app_LT_TKEO_mean_5_coef,0.26522977901539746
std_5th_delta_delta,0.2635892010184929
tqwt_entropy_shannon_dec_9,0.26343325089883085
app_TKEO_std_3_coef,0.2634150129934398
app_LT_TKEO_std_4_coef,0.2632726861973047
app_LT_TKEO_std_6_coef,0.26294707990871485
app_LT_entropy_shannon_6_coef,0.26215935188680733
app_LT_entropy_shannon_8_coef,0.26204601135525446
app_LT_entropy_shannon_9_coef,0.26195627913014097
app_LT_entropy_shannon_10_coef,0.26189706736867097
app_LT_entropy_shannon_5_coef,0.26174755958852947
std_delta_log_energy,0.2610468772319408
tqwt_TKEO_std_dec_10,0.26091918174540907
app_LT_entropy_shannon_7_coef,0.2609052183943242
app_LT_TKEO_std_3_coef,0.2606403947337873
app_LT_entropy_shannon_4_coef,0.26046376084657713
app_entropy_log_9_coef,0.25979083541932996
tqwt_TKEO_mean_dec_12,0.2597704381890832
app_entropy_log_8_coef,0.25975931770675087
app_entropy_log_10_coef,0.259627430469894
std_5th_delta,0.25938045761913864
tqwt_maxValue_dec_7,0.2591842957461671
app_LT_TKEO_mean_4_coef,0.25831112551944624
tqwt_TKEO_mean_dec_10,0.2583101249479672
tqwt_TKEO_std_dec_16,0.25786919421297505
tqwt_entropy_log_dec_6,0.2570420215256281
tqwt_minValue_dec_7,0.2568081830733945
app_LT_entropy_shannon_3_coef,0.2567727764719903
meanIntensity,0.2558511060498814
app_LT_entropy_shannon_2_coef,0.2540986698397568
tqwt_minValue_dec_8,0.25394673209269064
tqwt_stdValue_dec_6,0.25375728920532914
app_LT_TKEO_std_2_coef,0.25339961865237354
app_entropy_log_6_coef,0.25302629795140996
app_TKEO_std_2_coef,0.2530135344403324
tqwt_maxValue_dec_9,0.25282873007286794
app_LT_entropy_shannon_1_coef,0.2523805431073639
std_MFCC_8th_coef,0.25233704255513323
tqwt_maxValue_dec_8,0.25206414797638443
app_entropy_log_7_coef,0.25149366536968204
tqwt_maxValue_dec_16,0.24781835621638929
RPDE,0.24744356015228616
tqwt_minValue_dec_9,0.24707890107630667
app_LT_entropy_log_9_coef,0.24658014329164898
app_LT_entropy_log_8_coef,0.2465744994956362
app_LT_entropy_log_10_coef,0.2465603780943328
app_LT_TKEO_mean_3_coef,0.24546875859874515
tqwt_minValue_dec_16,0.24495919726415202
f2,0.24316131070607647
app_entropy_log_5_coef,0.24181503766015736
app_det_TKEO_mean_2_coef,0.24008230494967936
tqwt_TKEO_mean_dec_14,0.23931500362478464
std_3rd_delta_delta,0.2389906475279125
tqwt_TKEO_mean_dec_9,0.23735969995774153
app_LT_TKEO_std_1_coef,0.23705340229998736
tqwt_entropy_log_dec_18,0.2368301803925186
maxIntensity,0.23245388223106006
tqwt_entropy_log_dec_5,0.23097342839065588
tqwt_entropy_shannon_dec_8,0.23074405009582047
std_3rd_delta,0.2301668645646639
tqwt_stdValue_dec_17,0.22991934171198974
std_MFCC_7th_coef,0.22834908053739536
apq11Shimmer,0.22742745989887017
tqwt_TKEO_std_dec_9,0.2270277166839229
std_MFCC_6th_coef,0.22677777280354083
tqwt_kurtosisValue_dec_20,0.2257394943964061
mean_MFCC_3rd_coef,0.2252577884641275
tqwt_stdValue_dec_34,0.22477456351127229
app_entropy_log_4_coef,0.22458619152824744
tqwt_entropy_shannon_dec_7,0.224456485210891
tqwt_entropy_shannon_dec_35,0.22335637260876884
tqwt_energy_dec_26,0.2232531648302665
tqwt_entropy_log_dec_33,0.22209269068121495
tqwt_entropy_shannon_dec_34,0.2214473611222963
tqwt_maxValue_dec_6,0.22067002982676487
tqwt_kurtosisValue_dec_35,0.21945399232865342
app_LT_TKEO_mean_2_coef,0.21780498843953663
tqwt_stdValue_dec_35,0.21720979941691732
tqwt_entropy_log_dec_28,0.21654778805330632
VFER_NSR_SEO,0.2146370282663108
tqwt_minValue_dec_6,0.2136030435807557
app_LT_entropy_log_6_coef,0.21333769702922742
std_MFCC_10th_coef,0.21186286638101393
app_LT_entropy_log_7_coef,0.2117581741166322
meanPeriodPulses,0.21136821614198373
std_MFCC_11th_coef,0.21119571926349906
meanHarmToNoiseHarmonicity,0.21093760361230496
IMF_SNR_entropy,0.2105542795620171
tqwt_entropy_shannon_dec_18,0.2099857798288264
app_TKEO_std_1_coef,0.20890181675558966
tqwt_kurtosisValue_dec_18,0.20864468638945438
tqwt_entropy_log_dec_20,0.208310619772564
tqwt_TKEO_mean_dec_13,0.20506302191007328
locPctJitter,0.20422839617378272
app_entropy_log_3_coef,0.20350677182985585
mean_Log_energy,0.19912801093776797
locAbsJitter,0.19562919260478875
tqwt_entropy_log_dec_19,0.19472093413906846
tqwt_kurtosisValue_dec_17,0.1946313517644718
tqwt_energy_dec_27,0.19440598109414287
tqwt_TKEO_std_dec_8,0.1942681993999123
tqwt_energy_dec_25,0.19389784218105416
tqwt_TKEO_mean_dec_7,0.19236597284308354
tqwt_kurtosisValue_dec_34,0.19234504324383955
app_entropy_log_2_coef,0.19149502250216172
tqwt_entropy_log_dec_4,0.1912359483837218
mean_MFCC_0th_coef,0.19101029857472604
tqwt_TKEO_std_dec_7,0.19005493149675162
ppq5Jitter,0.18939531631792447
tqwt_entropy_log_dec_23,0.1887543286278773
std_MFCC_4th_coef,0.18778261849271105
app_entropy_log_1_coef,0.1869969306606678
tqwt_energy_dec_8,0.1869379594094768
app_LT_TKEO_mean_1_coef,0.18646361974110026
tqwt_kurtosisValue_dec_25,0.18561072827826286
app_det_TKEO_mean_1_coef,0.18534820626313855
tqwt_TKEO_mean_dec_8,0.18499489759173962
std_MFCC_9th_coef,0.18455678736705614
std_Log_energy,0.1843630941733374
tqwt_stdValue_dec_33,0.18320440874933971
tqwt_stdValue_dec_5,0.18208909257443795
mean_MFCC_5th_coef,0.182087809025977
tqwt_kurtosisValue_dec_16,0.18152869708914432
tqwt_TKEO_mean_dec_34,0.18036627900723112
tqwt_maxValue_dec_5,0.18027826243188588
tqwt_entropy_log_dec_36,0.17981346971507564
tqwt_entropy_shannon_dec_6,0.17931866877012148
det_LT_entropy_log_3_coef,0.1792172234312496
tqwt_energy_dec_9,0.17820090005387648
app_LT_entropy_log_5_coef,0.177587431962887
std_delta_delta_0th,0.1770322532335015
tqwt_energy_dec_7,0.17695697828619375
locDbShimmer,0.17623916503977766
tqwt_energy_dec_10,0.17468804688871445
tqwt_minValue_dec_5,0.17390167678365975
GNE_mean,0.17341287848684245
GNE_SNR_SEO,0.17332699283648648
rapJitter,0.17329249049285708
ddpJitter,0.17327753549502603
tqwt_TKEO_mean_dec_35,0.17293181181346415
tqwt_minValue_dec_34,0.17213043361966734
tqwt_kurtosisValue_dec_19,0.17142261049634025
tqwt_energy_dec_21,0.16855675625601851
tqwt_entropy_log_dec_3,0.1680882037433682
tqwt_maxValue_dec_1,0.16786108193399976
std_2nd_delta,0.16726295190814738
std_MFCC_12th_coef,0.16691674853499594
tqwt_maxValue_dec_34,0.16605772688445067
IMF_SNR_SEO,0.1654023896710307
std_0th_delta,0.16417224163008493
tqwt_kurtosisValue_dec_29,0.1640340870142392
tqwt_maxValue_dec_17,0.16384314420195825
tqwt_meanValue_dec_36,0.16275743828127567
tqwt_minValue_dec_33,0.16274767643724633
tqwt_stdValue_dec_18,0.1625359372251331
tqwt_minValue_dec_17,0.16218489279460513
locShimmer,0.1616967267537397
tqwt_stdValue_dec_23,0.16133438701088418
tqwt_entropy_shannon_dec_19,0.1605664814104789
std_2nd_delta_delta,0.15961469890153215
tqwt_medianValue_dec_36,0.15834152897976575
tqwt_entropy_shannon_dec_20,0.15786634686666223
std_MFCC_5th_coef,0.15692118393812501
GQ_std_cycle_open,0.15652518610523014
tqwt_minValue_dec_35,0.1554826201219503
tqwt_maxValue_dec_33,0.15434908491354915
IMF_NSR_SEO,0.1532170710910225
tqwt_energy_dec_34,0.15207984888585488
tqwt_energy_dec_6,0.15144307480015992
det_LT_entropy_log_2_coef,0.1509896926313522
tqwt_stdValue_dec_27,0.14968630287182305
std_MFCC_0th_coef,0.14960110938143595
apq5Shimmer,0.14908567983982374
tqwt_minValue_dec_1,0.14900821611833584
tqwt_TKEO_std_dec_34,0.1483904081641135
tqwt_energy_dec_35,0.14621777809132736
tqwt_energy_dec_33,0.14521462843931227
app_LT_entropy_log_4_coef,0.14409955643595443
tqwt_stdValue_dec_26,0.14370801002814138
tqwt_stdValue_dec_36,0.14350621828900573
std_1st_delta,0.14341781965520012
det_LT_entropy_log_4_coef,0.14340330796860798
tqwt_entropy_log_dec_2,0.14326817741695316
tqwt_maxValue_dec_2,0.1430540557368178
tqwt_maxValue_dec_35,0.14097912074844474
tqwt_energy_dec_28,0.13964349745696358
tqwt_minValue_dec_2,0.13946958663869763
det_LT_entropy_log_1_coef,0.13905981282024404
tqwt_TKEO_mean_dec_23,0.13788173298116171
tqwt_entropy_log_dec_25,0.1375844566495371
mean_MFCC_7th_coef,0.13568409412543408
det_LT_entropy_log_5_coef,0.1351889000514607
tqwt_maxValue_dec_27,0.13382256681201432
tqwt_TKEO_mean_dec_6,0.13371563750961582
tqwt_TKEO_mean_dec_17,0.13354397235556584
tqwt_minValue_dec_26,0.13333823842768014
tqwt_minValue_dec_27,0.13270228993065308
tqwt_stdValue_dec_32,0.13238939074339126
tqwt_entropy_shannon_dec_5,0.13157873779207
tqwt_energy_dec_17,0.13125755998094207
tqwt_kurtosisValue_dec_21,0.13079556507583492
std_1st_delta_delta,0.13055311437288106
mean_delta_log_energy,0.13041223022594198
IMF_NSR_entropy,0.13036316050974908
tqwt_maxValue_dec_26,0.129872098398706
tqwt_entropy_log_dec_22,0.1294225542849819
tqwt_entropy_shannon_dec_36,0.1293167629931473
ddaShimmer,0.1282557292799973
apq3Shimmer,0.1282517683940661
VFER_SNR_TKEO,0.12764673973079288
IMF_NSR_TKEO,0.12755576443718936
std_MFCC_1st_coef,0.1268629099393563
tqwt_entropy_log_dec_32,0.12647305770172274
std_MFCC_3rd_coef,0.12480424345276045
tqwt_stdValue_dec_19,0.12411374280974871
tqwt_kurtosisValue_dec_15,0.1237012604661205
tqwt_meanValue_dec_5,0.12335124443547586
det_LT_entropy_log_6_coef,0.12259937989123959
tqwt_kurtosisValue_dec_22,0.12220695679170256
tqwt_TKEO_std_dec_6,0.12154331876981923
tqwt_meanValue_dec_7,0.12153270089923283
tqwt_TKEO_std_dec_17,0.12122064064548733
app_LT_entropy_log_1_coef,0.12083549458956541
app_LT_entropy_log_3_coef,0.12025892945564955
tqwt_TKEO_std_dec_35,0.12011096125036726
GQ_std_cycle_closed,0.12010659224206835
GQ_prc5_95,0.12008468390545414
tqwt_kurtosisValue_dec_33,0.11980831474800238
tqwt_energy_dec_36,0.11947703563614237
tqwt_energy_dec_32,0.11929757556573109
GNE_NSR_SEO,0.11673972061988364
app_LT_entropy_log_2_coef,0.1158585003401818
tqwt_maxValue_dec_23,0.11581061277077635
tqwt_TKEO_mean_dec_31,0.11556621888268846
GNE_SNR_TKEO,0.11552784031631168
tqwt_stdValue_dec_28,0.11454713199697605
tqwt_minValue_dec_4,0.11418407347638898
tqwt_entropy_log_dec_21,0.11343914982282471
tqwt_meanValue_dec_34,0.11325808768565579
tqwt_TKEO_std_dec_1,0.11315158823747713
tqwt_maxValue_dec_4,0.11269440031928633
tqwt_medianValue_dec_10,0.11264943609211733
tqwt_TKEO_mean_dec_5,0.11232472090426547
tqwt_minValue_dec_23,0.11228552959124194
meanAutoCorrHarmonicity,0.11223933592529416
tqwt_minValue_dec_32,0.11116666151735732
tqwt_TKEO_mean_dec_27,0.11087134916302055
det_entropy_log_3_coef,0.11074860473908006
tqwt_meanValue_dec_11,0.11007883313473887
tqwt_maxValue_dec_32,0.10930271989329791
tqwt_energy_dec_5,0.10834957235305012
mean_MFCC_6th_coef,0.10787693123448458
mean_2nd_delta,0.10763304438655404
tqwt_maxValue_dec_28,0.1067786445906911
tqwt_kurtosisValue_dec_5,0.10624928450809873
tqwt_TKEO_std_dec_5,0.10470123354648087
tqwt_stdValue_dec_31,0.10456571045372468
tqwt_maxValue_dec_36,0.1044492826152133
tqwt_TKEO_std_dec_27,0.10405453427592068
tqwt_TKEO_std_dec_33,0.10394310343227187
tqwt_TKEO_mean_dec_33,0.10295636930756873
mean_0th_delta,0.10260028234112599
tqwt_stdValue_dec_20,0.10182452226831305
tqwt_TKEO_mean_dec_18,0.10150315195634849
meanNoiseToHarmHarmonicity,0.10027731226697718
tqwt_stdValue_dec_4,0.10019008330004238
mean_MFCC_4th_coef,0.09954840812809425
tqwt_minValue_dec_28,0.09946433244081769
tqwt_entropy_shannon_dec_23,0.09927762519513693
tqwt_medianValue_dec_5,0.09920467451712918
tqwt_minValue_dec_3,0.09904803388139075
tqwt_minValue_dec_36,0.09894624784831056
tqwt_skewnessValue_dec_28,0.09871615361971907
mean_MFCC_9th_coef,0.09856136063023571
tqwt_TKEO_mean_dec_36,0.09769984132956293
det_LT_entropy_shannon_3_coef,0.09683334853349984
tqwt_TKEO_std_dec_31,0.09681767220048323
tqwt_energy_dec_20,0.09599329083192591
tqwt_energy_dec_31,0.09523210652010777
tqwt_energy_dec_22,0.0946187425616375
tqwt_entropy_log_dec_29,0.09348247454900993
tqwt_maxValue_dec_3,0.0928982125047006
tqwt_maxValue_dec_18,0.09211090832460199
tqwt_minValue_dec_18,0.09192523571795105
det_LT_entropy_log_7_coef,0.09107057839409913
tqwt_kurtosisValue_dec_6,0.09063129458260469
tqwt_medianValue_dec_22,0.0904568413840033
mean_1st_delta,0.08956036254026742
tqwt_entropy_log_dec_24,0.08938088346700895
tqwt_kurtosisValue_dec_4,0.08905179109742908
tqwt_medianValue_dec_25,0.08801389244106919
tqwt_stdValue_dec_24,0.08755263337159087
det_entropy_log_2_coef,0.08611643636285754
tqwt_TKEO_mean_dec_32,0.08406102753883597
det_LT_entropy_shannon_2_coef,0.08389130106133884
mean_MFCC_8th_coef,0.08178332982776669
tqwt_TKEO_std_dec_32,0.08177317914706096
tqwt_kurtosisValue_dec_3,0.08123565568530529
tqwt_entropy_shannon_dec_31,0.08075524180768572
det_entropy_log_1_coef,0.08022189362414693
tqwt_TKEO_std_dec_26,0.08001285545792534
det_LT_entropy_log_8_coef,0.0796835261214955
b3,0.07932329343522562
tqwt_minValue_dec_31,0.07900881091209724
tqwt_kurtosisValue_dec_13,0.07875911420662028
tqwt_energy_dec_24,0.07852600609665436
tqwt_TKEO_mean_dec_26,0.07769084216429356
tqwt_entropy_log_dec_1,0.07622325538325231
tqwt_medianValue_dec_12,0.0754212620416644
tqwt_skewnessValue_dec_29,0.07468986630038923
tqwt_maxValue_dec_31,0.07445489330960554
stdDevPeriodPulses,0.0742398686555856
tqwt_meanValue_dec_16,0.07423193680625555
det_LT_entropy_shannon_4_coef,0.07397562626542528
PPE,0.07293918176787316
tqwt_TKEO_mean_dec_24,0.07287524493122284
tqwt_medianValue_dec_31,0.07280357243995003
VFER_std,0.07232667488167198
tqwt_kurtosisValue_dec_24,0.07224380322566974
tqwt_minValue_dec_19,0.07120932590125599
tqwt_entropy_log_dec_31,0.07118840772123852
det_LT_entropy_log_10_coef,0.07107313433218757
tqwt_entropy_shannon_dec_27,0.07069226696264067
GNE_NSR_TKEO,0.07029229622352651
det_entropy_log_4_coef,0.07018905274675664
tqwt_TKEO_std_dec_2,0.07009199181855186
tqwt_meanValue_dec_2,0.0698262617098516
tqwt_TKEO_std_dec_28,0.06919017692363592
tqwt_kurtosisValue_dec_2,0.06892681854402344
tqwt_kurtosisValue_dec_30,0.06868834455669014
tqwt_skewnessValue_dec_24,0.06822581035877641
tqwt_minValue_dec_24,0.06807194137280016
tqwt_entropy_shannon_dec_22,0.06798035829293658
tqwt_stdValue_dec_22,0.0679711617267085
tqwt_kurtosisValue_dec_14,0.06770253223545175
det_entropy_log_5_coef,0.06739522362746027
tqwt_meanValue_dec_33,0.06737797432438411
tqwt_entropy_shannon_dec_30,0.06734126081831351
tqwt_kurtosisValue_dec_7,0.06689130639759394
tqwt_maxValue_dec_19,0.06632115466512378
tqwt_energy_dec_29,0.06603050493737468
tqwt_kurtosisValue_dec_12,0.06556467632747037
tqwt_TKEO_std_dec_23,0.06553500756294513
tqwt_maxValue_dec_24,0.0653473488758295
tqwt_medianValue_dec_9,0.0652385098086926
tqwt_TKEO_mean_dec_28,0.06491192005473456
tqwt_medianValue_dec_2,0.06480080135217668
tqwt_TKEO_mean_dec_19,0.06261726031849385
b4,0.06260228618853415
tqwt_stdValue_dec_2,0.061648210600064215
det_LT_entropy_log_9_coef,0.06015288368960128
tqwt_energy_dec_3,0.059681254591322015
tqwt_kurtosisValue_dec_8,0.0590618157799503
tqwt_skewnessValue_dec_27,0.05894928775513254
tqwt_TKEO_std_dec_24,0.05857913365779356
mean_MFCC_11th_coef,0.05808138794062727
tqwt_maxValue_dec_25,0.057333096326721844
tqwt_TKEO_std_dec_19,0.056685218192760393
tqwt_minValue_dec_25,0.056651172925497935
tqwt_maxValue_dec_29,0.05641651753936675
tqwt_stdValue_dec_25,0.055730222066380175
tqwt_medianValue_dec_29,0.05511853032021978
tqwt_stdValue_dec_3,0.05506849891869087
tqwt_TKEO_std_dec_21,0.05464414759416638
det_entropy_log_6_coef,0.053471529383775494
Ed2_10_coef,0.052923235018366356
tqwt_meanValue_dec_23,0.052362668081609616
tqwt_skewnessValue_dec_32,0.052029766796981014
tqwt_skewnessValue_dec_31,0.051826345987730886
tqwt_energy_dec_18,0.051648720093724065
tqwt_meanValue_dec_22,0.051504527699744375
tqwt_meanValue_dec_25,0.05135328631898257
tqwt_minValue_dec_29,0.05104932347574261
det_entropy_shannon_3_coef,0.05092039808504224
tqwt_entropy_shannon_dec_21,0.05074451097649168
tqwt_TKEO_std_dec_36,0.05051526586183315
mean_MFCC_1st_coef,0.0504915863665753
det_TKEO_mean_3_coef,0.050404796649257566
tqwt_energy_dec_2,0.05021117147582355
VFER_SNR_SEO,0.049684431848659595
Ed_10_coef,0.049595972192275434
det_LT_TKEO_mean_10_coef,0.049574795051127524
tqwt_skewnessValue_dec_11,0.049531028431337665
tqwt_energy_dec_1,0.049263138977835394
f3,0.049019652545828483
tqwt_kurtosisValue_dec_32,0.048985931770472585
tqwt_medianValue_dec_35,0.04887607888692787
tqwt_TKEO_mean_dec_1,0.04884568639224725
tqwt_meanValue_dec_17,0.048433040150605705
det_LT_TKEO_std_10_coef,0.047978864375383234
tqwt_TKEO_std_dec_18,0.04795569505629115
tqwt_skewnessValue_dec_10,0.04728937961819542
tqwt_meanValue_dec_19,0.04681945529060881
tqwt_entropy_shannon_dec_4,0.046662165245921525
tqwt_skewnessValue_dec_26,0.0461364952333079
tqwt_skewnessValue_dec_9,0.04602311082463746
det_LT_entropy_shannon_10_coef,0.04557377806716985
tqwt_kurtosisValue_dec_11,0.04550530124993022
tqwt_skewnessValue_dec_17,0.04521446480461445
det_entropy_shannon_2_coef,0.04518451266508043
tqwt_skewnessValue_dec_33,0.04508282914821236
tqwt_medianValue_dec_33,0.044685409299085176
tqwt_TKEO_std_dec_25,0.044623242725709736
tqwt_skewnessValue_dec_13,0.04457703003242262
tqwt_medianValue_dec_13,0.04433336154752542
tqwt_TKEO_mean_dec_21,0.044199192456130645
tqwt_medianValue_dec_32,0.043980065867594884
mean_4th_delta_delta,0.04366196243118521
tqwt_stdValue_dec_29,0.04365813982940227
tqwt_TKEO_mean_dec_2,0.04350230666873031
det_LT_TKEO_std_5_coef,0.04276940415259579
tqwt_meanValue_dec_10,0.04201626479494665
tqwt_TKEO_std_dec_29,0.041645856927941045
tqwt_medianValue_dec_6,0.04164327082108219
det_TKEO_mean_2_coef,0.04131539900571207
VFER_NSR_TKEO,0.04120726923951896
tqwt_kurtosisValue_dec_9,0.04119249059908199
tqwt_skewnessValue_dec_7,0.040978953347236696
det_TKEO_std_3_coef,0.040869167694021366
det_entropy_shannon_4_coef,0.04080768143227617
tqwt_skewnessValue_dec_30,0.03958288415150092
tqwt_TKEO_std_dec_20,0.03952334942940718
mean_5th_delta,0.038199179132754425
tqwt_kurtosisValue_dec_1,0.0381561169737598
tqwt_medianValue_dec_34,0.03699534150301675
tqwt_medianValue_dec_26,0.036893749307480614
tqwt_minValue_dec_22,0.03632645719877095
mean_11th_delta_delta,0.03622062923599693
det_TKEO_mean_4_coef,0.03613772455310746
Ed_7_coef,0.03599541270768888
Ea2,0.035984200949867234
tqwt_skewnessValue_dec_25,0.035428637400535624
det_LT_entropy_shannon_6_coef,0.03501836615853091
tqwt_maxValue_dec_22,0.0349841012302387
tqwt_medianValue_dec_15,0.03489932586595282
tqwt_stdValue_dec_1,0.03462228561252186
tqwt_TKEO_mean_dec_29,0.03460754849694622
det_TKEO_mean_8_coef,0.034411101922585896
tqwt_skewnessValue_dec_6,0.03440387239517811
IMF_SNR_TKEO,0.0339254995963481
det_LT_entropy_shannon_1_coef,0.033748422069021886
tqwt_meanValue_dec_8,0.033479579462495336
mean_MFCC_10th_coef,0.033375645223256686
tqwt_TKEO_mean_dec_20,0.03326922217760496
mean_10th_delta_delta,0.03287885953872503
Ed2_7_coef,0.03281437152239201
det_entropy_shannon_8_coef,0.03213156318490633
tqwt_skewnessValue_dec_15,0.032064829628366896
det_TKEO_std_8_coef,0.03130746516402172
tqwt_entropy_shannon_dec_32,0.03128841674752026
tqwt_medianValue_dec_8,0.03125256307871588
det_LT_TKEO_mean_7_coef,0.031144749379534684
tqwt_medianValue_dec_1,0.03104313829956501
mean_4th_delta,0.03088643554186283
GNE_std,0.030752635006539266
tqwt_entropy_shannon_dec_24,0.030743187111056038
tqwt_kurtosisValue_dec_10,0.03051707945544931
Ed2_5_coef,0.030424582243130823
tqwt_entropy_shannon_dec_29,0.03015524884848079
tqwt_medianValue_dec_7,0.030027648024221282
tqwt_skewnessValue_dec_16,0.02981944905022956
mean_MFCC_12th_coef,0.029768453325424167
tqwt_entropy_shannon_dec_2,0.029200795938842523
Ea,0.028894866813013516
det_TKEO_std_2_coef,0.0285075370034546
det_entropy_log_7_coef,0.028436471114462063
det_LT_TKEO_std_7_coef,0.02841547398018437
tqwt_meanValue_dec_27,0.02835227776501576
tqwt_meanValue_dec_3,0.02820035490699577
mean_9th_delta_delta,0.027932811200144736
tqwt_medianValue_dec_28,0.02749666375105511
tqwt_TKEO_std_dec_22,0.0272306305904179
Ed_3_coef,0.027151684487985585
tqwt_kurtosisValue_dec_31,0.026953524299155925
tqwt_skewnessValue_dec_35,0.02691854307611774
tqwt_medianValue_dec_20,0.02689710972826923
tqwt_meanValue_dec_18,0.02676072946958575
b1,0.02647611749796804
det_LT_TKEO_mean_9_coef,0.026127615756358375
tqwt_meanValue_dec_12,0.02607262178289775
tqwt_entropy_shannon_dec_1,0.026033900311907686
det_LT_TKEO_std_9_coef,0.025328832793075847
tqwt_skewnessValue_dec_23,0.02525051245663185
tqwt_meanValue_dec_29,0.025158210979383616
det_TKEO_std_5_coef,0.02502021275389681
mean_5th_delta_delta,0.024789670301641437
mean_delta_delta_log_energy,0.02468964001363309
det_TKEO_mean_1_coef,0.024615060646241315
tqwt_entropy_shannon_dec_25,0.024223148863671336
tqwt_entropy_shannon_dec_28,0.024146445319010744
mean_1st_delta_delta,0.02402047689001059
det_LT_entropy_shannon_7_coef,0.023581148295625395
mean_3rd_delta,0.0235663114851789
tqwt_meanValue_dec_28,0.02355230900466611
mean_12th_delta_delta,0.023432821280526338
tqwt_medianValue_dec_24,0.023388113444579348
tqwt_meanValue_dec_4,0.023273602344970834
std_MFCC_2nd_coef,0.023247022959353263
Ed_9_coef,0.02317337311323366
mean_6th_delta,0.022943879277906355
tqwt_medianValue_dec_14,0.02282206610912749
tqwt_minValue_dec_20,0.022588848550178092
tqwt_skewnessValue_dec_21,0.022576800605143558
tqwt_TKEO_mean_dec_25,0.02213378440276389
tqwt_entropy_log_dec_30,0.02208869122325857
Ed2_9_coef,0.02155140749204962
tqwt_meanValue_dec_9,0.021495102830595834
tqwt_skewnessValue_dec_3,0.021384875179629326
det_LT_entropy_shannon_9_coef,0.021357443467926743
det_entropy_shannon_1_coef,0.021021950196903155
b2,0.020900230794208947
tqwt_TKEO_mean_dec_22,0.020859586492518387
tqwt_skewnessValue_dec_1,0.0206997980527159
tqwt_energy_dec_4,0.020561998794433503
tqwt_maxValue_dec_20,0.02009477585933736
det_LT_TKEO_mean_5_coef,0.01903132609873734
det_TKEO_std_4_coef,0.01881878931301295
det_entropy_shannon_7_coef,0.018795415948411297
tqwt_meanValue_dec_24,0.018650471560336272
tqwt_medianValue_dec_11,0.01855374929598249
det_entropy_shannon_5_coef,0.018244583094355143
tqwt_medianValue_dec_30,0.018055586741745976
tqwt_stdValue_dec_30,0.017198395320110874
det_TKEO_mean_7_coef,0.01698775453246612
det_LT_TKEO_mean_6_coef,0.016933454146819498
det_entropy_log_8_coef,0.016795557012090474
det_LT_TKEO_mean_3_coef,0.016589410188115508
det_entropy_log_10_coef,0.016154175875652484
Ed_5_coef,0.01606031209524132
tqwt_stdValue_dec_21,0.015981494744258702
tqwt_medianValue_dec_27,0.015762599398017572
det_TKEO_std_7_coef,0.01567866097156499
tqwt_skewnessValue_dec_34,0.015614608973718557
det_TKEO_std_1_coef,0.01537069861530944
mean_9th_delta,0.015082290863023685
tqwt_TKEO_mean_dec_3,0.015035245308128498
tqwt_skewnessValue_dec_8,0.014844373112028757
tqwt_meanValue_dec_20,0.01482404272265587
mean_8th_delta,0.014570116523263245
tqwt_TKEO_mean_dec_30,0.014427428286061363
f4,0.014314831814267676
tqwt_meanValue_dec_1,0.014246422944156968
tqwt_meanValue_dec_26,0.014077854852310875
tqwt_skewnessValue_dec_36,0.014052572110048574
tqwt_skewnessValue_dec_19,0.013976242287408683
tqwt_entropy_shannon_dec_33,0.013676820848563476
det_TKEO_mean_5_coef,0.013657494919810236
tqwt_meanValue_dec_30,0.01363767829008841
det_LT_entropy_shannon_5_coef,0.013361482910091685
mean_delta_delta_0th,0.013218629118542073
tqwt_minValue_dec_21,0.012948606002767132
tqwt_maxValue_dec_30,0.012887850408774838
det_LT_TKEO_std_4_coef,0.01286509310977083
tqwt_meanValue_dec_31,0.012693069534767173
tqwt_minValue_dec_30,0.012403304314123299
tqwt_medianValue_dec_18,0.012286026904202083
tqwt_skewnessValue_dec_20,0.011953983321378448
Ed_1_coef,0.011860012546593924
tqwt_medianValue_dec_3,0.011824066457942614
det_TKEO_mean_6_coef,0.011784909458306252
tqwt_skewnessValue_dec_4,0.011596872936873356
det_TKEO_mean_10_coef,0.01137283222294492
det_entropy_shannon_10_coef,0.011315843868364471
tqwt_meanValue_dec_14,0.01114909448868189
Ed2_1_coef,0.01084729777369002
Ed2_6_coef,0.010787798026336323
tqwt_meanValue_dec_15,0.010659614091107932
mean_10th_delta,0.010584797832668087
mean_3rd_delta_delta,0.010258006570849082
mean_11th_delta,0.009700973151502706
det_TKEO_std_9_coef,0.009690292617904892
tqwt_skewnessValue_dec_12,0.009686843962236989
tqwt_meanValue_dec_13,0.009537353932918163
tqwt_skewnessValue_dec_14,0.009384172345307154
Ed2_3_coef,0.009369022779310265
det_LT_TKEO_mean_4_coef,0.009354636304480881
tqwt_skewnessValue_dec_22,0.00912175605261811
tqwt_meanValue_dec_35,0.008948934285935737
det_TKEO_std_10_coef,0.008538731582725483
det_LT_TKEO_std_1_coef,0.00825931385481828
tqwt_skewnessValue_dec_18,0.00824211317432343
tqwt_kurtosisValue_dec_23,0.007992180037124853
tqwt_maxValue_dec_21,0.00795559862707692
tqwt_skewnessValue_dec_2,0.007569502227742568
tqwt_medianValue_dec_16,0.007301183353765409
Ed_8_coef,0.007163018598463674
tqwt_medianValue_dec_17,0.007109429981244683
det_LT_TKEO_mean_2_coef,0.0070460855504557406
Ed_2_coef,0.006963518004295202
tqwt_TKEO_std_dec_4,0.006751796390635744
mean_6th_delta_delta,0.006599147555315736
mean_12th_delta,0.006435632161230463
tqwt_TKEO_std_dec_3,0.006361719607617448
det_LT_TKEO_std_3_coef,0.006272289851163809
tqwt_TKEO_std_dec_30,0.0060845670796485325
Ed_4_coef,0.006080133892761457
det_entropy_shannon_6_coef,0.005743371105686095
det_entropy_log_9_coef,0.005725986698051389
tqwt_meanValue_dec_21,0.005404696385584012
det_LT_TKEO_mean_8_coef,0.00538765403545471
mean_2nd_delta_delta,0.005360392701955192
tqwt_TKEO_mean_dec_4,0.005144612929780971
tqwt_meanValue_dec_6,0.004981241372652104
tqwt_medianValue_dec_4,0.004669215502826169
tqwt_medianValue_dec_19,0.0045436219824718715
Ed2_2_coef,0.00425344747987483
tqwt_entropy_shannon_dec_26,0.0036069807152807453
Ed_6_coef,0.003471027546902157
tqwt_medianValue_dec_21,0.0033121160497171466
tqwt_medianValue_dec_23,0.0031706063553008706
det_LT_TKEO_std_6_coef,0.0031662457444015745
tqwt_entropy_shannon_dec_3,0.0030566206906878085
Ed2_8_coef,0.003017602055736942
mean_7th_delta_delta,0.0027946863926868702
tqwt_meanValue_dec_32,0.0022457957985085705
det_TKEO_std_6_coef,0.002165468062989427
det_entropy_shannon_9_coef,0.0021462263398673064
mean_8th_delta_delta,0.001785396277828829
det_TKEO_mean_9_coef,0.001648253647538514
det_LT_entropy_shannon_8_coef,0.0014737549579956792
det_LT_TKEO_std_2_coef,0.001376158323731832
Ed2_4_coef,0.0013391572799289146
mean_7th_delta,0.001281920487556746
det_LT_TKEO_std_8_coef,0.0011487422514346764
tqwt_energy_dec_30,0.0008970832554282036
tqwt_skewnessValue_dec_5,0.0007829258805699873
tqwt_energy_dec_23,0.0004627322384205993
tqwt_energy_dec_19,0.0003431602693786931
det_LT_TKEO_mean_1_coef,4.429465486521377e-05
