,FSASL_Score
tqwt_meanValue_dec_5,1.0
tqwt_meanValue_dec_30,0.9999999999999998
meanPeriodPulses,4.535506289158289e-16
numPeriodsPulses,3.4023069040072155e-16
rapJitter,3.3496001050736405e-16
locPctJitter,3.173756416646916e-16
numPulses,2.4027376011153805e-16
RPDE,1.5299635442945518e-16
locAbsJitter,9.7708482208352e-17
GQ_std_cycle_closed,5.5004396127222235e-17
EEG,4.82001244264284e-17
det_LT_entropy_log_4_coef,3.625565250470832e-17
det_LT_entropy_log_6_coef,3.5817021995466704e-17
det_LT_entropy_log_5_coef,3.2955443302336533e-17
det_entropy_log_4_coef,3.204657853223384e-17
det_LT_TKEO_mean_6_coef,2.6714882099455576e-17
GQ_prc5_95,2.5517120185058646e-17
det_LT_entropy_log_3_coef,2.3014310142173862e-17
stdDevPeriodPulses,2.211278170295184e-17
det_LT_TKEO_std_6_coef,1.933398219614784e-17
det_LT_entropy_log_7_coef,1.7826351153259934e-17
det_entropy_log_7_coef,1.2320005459397655e-17
std_MFCC_3rd_coef,1.1984780705396374e-17
std_11th_delta_delta,1.1685727700314433e-17
locDbShimmer,1.1278041858201312e-17
apq3Shimmer,1.113908438990224e-17
det_LT_entropy_log_8_coef,1.0282012214241952e-17
det_entropy_log_5_coef,9.887417987630811e-18
det_entropy_log_6_coef,9.733870109024749e-18
std_MFCC_12th_coef,8.600430061685747e-18
std_0th_delta,8.259380632195397e-18
std_delta_delta_0th,8.139700493839852e-18
std_2nd_delta,7.993750585668885e-18
meanAutoCorrHarmonicity,7.985985714699198e-18
det_entropy_log_10_coef,7.719640649637632e-18
std_4th_delta,7.40564595682362e-18
det_LT_TKEO_mean_4_coef,7.376186036232326e-18
std_MFCC_2nd_coef,7.37435181751657e-18
meanNoiseToHarmHarmonicity,7.372934058823318e-18
std_8th_delta_delta,7.349518835820733e-18
det_TKEO_std_9_coef,7.107348734390206e-18
std_MFCC_1st_coef,7.03230204480254e-18
det_entropy_log_2_coef,7.016686413462221e-18
std_MFCC_5th_coef,6.9134910619271865e-18
b2,6.865669205753309e-18
tqwt_maxValue_dec_22,6.791269705975876e-18
Ed2_4_coef,6.75744201669136e-18
std_8th_delta,6.706415728608323e-18
det_LT_TKEO_std_3_coef,6.6994185731762546e-18
std_10th_delta_delta,6.697371788119079e-18
Ed2_6_coef,6.592049139143978e-18
det_LT_TKEO_mean_9_coef,6.541886050724893e-18
std_MFCC_7th_coef,6.5285528278073344e-18
std_11th_delta,6.474436245614191e-18
app_det_TKEO_mean_2_coef,6.4477967778041415e-18
std_10th_delta,6.417813742787067e-18
det_LT_TKEO_std_9_coef,6.225284932345382e-18
locShimmer,6.203220453396267e-18
std_MFCC_10th_coef,6.0581169668370405e-18
det_TKEO_mean_9_coef,6.054915318388474e-18
std_MFCC_9th_coef,5.985215845603266e-18
std_MFCC_0th_coef,5.9284243041545855e-18
std_12th_delta,5.9162370889079734e-18
tqwt_minValue_dec_22,5.905958302356405e-18
std_MFCC_11th_coef,5.8317628989314116e-18
mean_Log_energy,5.830678616499513e-18
std_4th_delta_delta,5.794031860948656e-18
tqwt_TKEO_std_dec_22,5.7669531692977085e-18
app_LT_TKEO_std_1_coef,5.754586173596086e-18
Ed_6_coef,5.7543870672468386e-18
std_delta_log_energy,5.5822008744330775e-18
tqwt_kurtosisValue_dec_33,5.510371681410055e-18
std_6th_delta_delta,5.4874147899016145e-18
tqwt_kurtosisValue_dec_32,5.463243462130779e-18
det_TKEO_mean_6_coef,5.3791152857844486e-18
std_delta_delta_log_energy,5.361719642762987e-18
std_9th_delta_delta,5.342277572268438e-18
std_2nd_delta_delta,5.335530649603306e-18
app_TKEO_std_4_coef,5.272334619078883e-18
std_3rd_delta_delta,5.178156574221247e-18
ddaShimmer,5.166891681610932e-18
minIntensity,5.16244885543825e-18
Ed_10_coef,5.153107810233036e-18
std_1st_delta,5.150376603665408e-18
app_LT_TKEO_std_2_coef,5.146996062159406e-18
app_TKEO_std_3_coef,5.091109441283334e-18
tqwt_kurtosisValue_dec_35,5.0691857872872336e-18
det_TKEO_mean_4_coef,5.00027931400743e-18
Ed2_9_coef,4.985248423773779e-18
tqwt_entropy_shannon_dec_34,4.974329969283385e-18
tqwt_maxValue_dec_31,4.897122294127925e-18
det_LT_entropy_log_2_coef,4.816987658695045e-18
tqwt_kurtosisValue_dec_30,4.814436299716956e-18
std_12th_delta_delta,4.744314386489002e-18
tqwt_minValue_dec_36,4.726564622109567e-18
tqwt_maxValue_dec_34,4.6257982238597536e-18
app_TKEO_std_5_coef,4.620755793003536e-18
tqwt_minValue_dec_11,4.5977206950403574e-18
std_7th_delta_delta,4.558339341956136e-18
det_LT_TKEO_std_4_coef,4.550982040208926e-18
tqwt_entropy_shannon_dec_16,4.549623302551066e-18
tqwt_maxValue_dec_10,4.542734170620311e-18
Ed2_8_coef,4.53714569887236e-18
det_entropy_log_1_coef,4.52051863681495e-18
tqwt_kurtosisValue_dec_31,4.487788049670307e-18
det_LT_entropy_log_10_coef,4.466354899901672e-18
det_LT_entropy_log_1_coef,4.457409664609732e-18
det_TKEO_std_3_coef,4.4075598398112374e-18
det_LT_TKEO_std_8_coef,4.384454204302287e-18
tqwt_minValue_dec_31,4.37707803649587e-18
det_TKEO_mean_5_coef,4.3599681432548525e-18
tqwt_stdValue_dec_34,4.317030771437918e-18
tqwt_energy_dec_16,4.3129515415258644e-18
det_TKEO_std_4_coef,4.281380993590367e-18
Ed2_5_coef,4.2590842084161915e-18
std_5th_delta_delta,4.233121862229517e-18
det_TKEO_mean_10_coef,4.202055988941171e-18
Ed_8_coef,4.190946759718573e-18
det_LT_entropy_shannon_4_coef,4.1853263323949156e-18
det_LT_TKEO_mean_8_coef,4.1775767995911625e-18
mean_MFCC_10th_coef,4.175087722301392e-18
app_det_TKEO_mean_5_coef,4.1531263028340205e-18
app_LT_TKEO_std_3_coef,4.152387481481519e-18
std_6th_delta,4.1509654275721716e-18
det_entropy_shannon_8_coef,4.0791343530019975e-18
det_TKEO_std_10_coef,4.076385075973274e-18
tqwt_entropy_log_dec_30,4.0734595988597155e-18
Ea2,4.017862947980126e-18
ppq5Jitter,3.972811645133168e-18
det_entropy_shannon_6_coef,3.967396230129046e-18
meanHarmToNoiseHarmonicity,3.953707569240561e-18
std_Log_energy,3.951938281700935e-18
det_entropy_shannon_10_coef,3.945958529702065e-18
tqwt_energy_dec_22,3.940951305378596e-18
tqwt_minValue_dec_35,3.939059633096448e-18
std_7th_delta,3.926534384064702e-18
app_TKEO_std_1_coef,3.8915763270132074e-18
det_TKEO_std_5_coef,3.854688924470373e-18
std_1st_delta_delta,3.847540873188015e-18
tqwt_maxValue_dec_35,3.84389855549303e-18
tqwt_entropy_log_dec_33,3.840311059456788e-18
tqwt_entropy_log_dec_29,3.824823147912794e-18
tqwt_TKEO_mean_dec_22,3.812531662512622e-18
Ed_7_coef,3.804005054314533e-18
std_3rd_delta,3.768008943907944e-18
det_TKEO_std_8_coef,3.748008325107232e-18
det_LT_TKEO_mean_1_coef,3.719163608137243e-18
Ed2_1_coef,3.69296656638065e-18
tqwt_entropy_log_dec_32,3.677253721696108e-18
tqwt_minValue_dec_21,3.6409590252425276e-18
det_LT_TKEO_mean_5_coef,3.611943503656305e-18
tqwt_entropy_log_dec_36,3.6017039152045095e-18
det_TKEO_std_7_coef,3.552243396691099e-18
det_LT_entropy_shannon_6_coef,3.549350849546966e-18
mean_MFCC_1st_coef,3.522418445043287e-18
det_entropy_shannon_7_coef,3.520700469439919e-18
det_LT_entropy_shannon_1_coef,3.498155183121939e-18
Ed_5_coef,3.497367817868174e-18
tqwt_minValue_dec_23,3.4918764996975726e-18
tqwt_energy_dec_31,3.4793038481446255e-18
det_TKEO_mean_1_coef,3.478211376415057e-18
det_LT_entropy_log_9_coef,3.4742847586185575e-18
tqwt_entropy_log_dec_25,3.472817430840537e-18
Ed2_7_coef,3.4500324588764207e-18
det_TKEO_mean_8_coef,3.445636846903065e-18
VFER_NSR_TKEO,3.4175449610521996e-18
tqwt_kurtosisValue_dec_21,3.415040080781186e-18
Ed2_2_coef,3.4071521123925856e-18
tqwt_maxValue_dec_32,3.3926273618996688e-18
mean_11th_delta_delta,3.389585407227448e-18
tqwt_entropy_log_dec_31,3.3873402909500393e-18
Ed2_3_coef,3.3833795375098635e-18
tqwt_stdValue_dec_23,3.3739974188711845e-18
det_LT_TKEO_mean_2_coef,3.368735388833088e-18
tqwt_energy_dec_11,3.3534913667084206e-18
det_LT_TKEO_mean_7_coef,3.351904484594737e-18
det_LT_TKEO_std_7_coef,3.342807518124583e-18
det_TKEO_std_6_coef,3.339374985488577e-18
det_TKEO_mean_7_coef,3.331122503016699e-18
det_entropy_shannon_4_coef,3.322446563630895e-18
tqwt_energy_dec_25,3.3067321735536e-18
det_LT_entropy_shannon_2_coef,3.2742859031646286e-18
GQ_std_cycle_open,3.2433528260705747e-18
app_det_TKEO_mean_7_coef,3.2384098282400526e-18
Ed2_10_coef,3.231858876193689e-18
Ed_4_coef,3.2277384537447817e-18
tqwt_maxValue_dec_33,3.2235494906107097e-18
tqwt_kurtosisValue_dec_22,3.1641559175478614e-18
det_LT_entropy_shannon_9_coef,3.1609245175445576e-18
tqwt_TKEO_std_dec_34,3.159094590227661e-18
tqwt_minValue_dec_33,3.1364630041316322e-18
app_det_TKEO_mean_10_coef,3.128769684972748e-18
app_LT_TKEO_std_5_coef,3.123095929029608e-18
tqwt_stdValue_dec_11,3.118117239083772e-18
Ed_2_coef,3.1162895990775438e-18
app_LT_TKEO_std_6_coef,3.1048246499233215e-18
tqwt_minValue_dec_12,3.0965140514493293e-18
std_5th_delta,3.08642216506312e-18
apq11Shimmer,3.074499773228638e-18
det_entropy_shannon_1_coef,3.0475618036446836e-18
det_entropy_log_9_coef,3.0401775294415975e-18
tqwt_entropy_shannon_dec_35,3.0287354798198537e-18
tqwt_energy_dec_12,3.0228903362923932e-18
det_LT_entropy_shannon_8_coef,3.0022769820290882e-18
tqwt_stdValue_dec_31,2.995126786916622e-18
app_det_TKEO_mean_6_coef,2.92689796337234e-18
Ed_1_coef,2.9238951490157676e-18
app_LT_TKEO_mean_3_coef,2.9058613237868907e-18
IMF_SNR_TKEO,2.8860427259823734e-18
app_det_TKEO_mean_8_coef,2.87652530921983e-18
mean_8th_delta,2.840672426673422e-18
app_LT_TKEO_mean_5_coef,2.78117096706583e-18
tqwt_stdValue_dec_2,2.7643836669730418e-18
tqwt_minValue_dec_32,2.7642082720968723e-18
tqwt_energy_dec_1,2.7618758710724075e-18
tqwt_energy_dec_15,2.751145133876884e-18
app_LT_TKEO_mean_1_coef,2.7430567364869564e-18
app_entropy_shannon_9_coef,2.722915487067894e-18
app_TKEO_std_6_coef,2.7070283842851052e-18
mean_10th_delta,2.7065805179147968e-18
tqwt_entropy_log_dec_34,2.6894728820319313e-18
app_entropy_shannon_5_coef,2.6885669260147302e-18
tqwt_energy_dec_9,2.6866911238281233e-18
tqwt_minValue_dec_30,2.6725341248924514e-18
tqwt_stdValue_dec_32,2.667993600668584e-18
det_entropy_shannon_3_coef,2.6614780650679538e-18
tqwt_energy_dec_23,2.6387801136381108e-18
tqwt_energy_dec_17,2.6228683151188825e-18
tqwt_stdValue_dec_33,2.6227355230213004e-18
det_entropy_shannon_9_coef,2.616709267512311e-18
tqwt_kurtosisValue_dec_20,2.6008433148354433e-18
apq5Shimmer,2.5961419204470858e-18
tqwt_energy_dec_10,2.5924851604391425e-18
tqwt_entropy_log_dec_28,2.5601784079550457e-18
det_TKEO_std_2_coef,2.559016519397397e-18
det_LT_TKEO_mean_10_coef,2.5576164127410175e-18
tqwt_maxValue_dec_30,2.517835421964012e-18
tqwt_maxValue_dec_21,2.511061653149291e-18
tqwt_stdValue_dec_36,2.5109096381410133e-18
mean_3rd_delta_delta,2.500119436139688e-18
app_entropy_shannon_4_coef,2.4996225502465862e-18
tqwt_energy_dec_19,2.487637873251881e-18
tqwt_TKEO_mean_dec_31,2.458073927631488e-18
mean_MFCC_12th_coef,2.4351857526889048e-18
app_LT_TKEO_mean_4_coef,2.434403984489001e-18
tqwt_energy_dec_18,2.4238684442167737e-18
tqwt_entropy_log_dec_16,2.4204783807811555e-18
Ed_3_coef,2.4204614020230602e-18
app_det_TKEO_mean_4_coef,2.3966122610080927e-18
mean_delta_delta_0th,2.3933157346167538e-18
tqwt_entropy_shannon_dec_15,2.3791180911589208e-18
mean_4th_delta_delta,2.372835245860555e-18
det_entropy_shannon_2_coef,2.358469384730657e-18
app_LT_TKEO_mean_2_coef,2.3386345578054466e-18
tqwt_entropy_log_dec_24,2.3360216010545488e-18
tqwt_TKEO_std_dec_35,2.335992450019521e-18
tqwt_TKEO_std_dec_31,2.3350555301227478e-18
tqwt_maxValue_dec_1,2.3283135445030122e-18
det_LT_TKEO_std_10_coef,2.3253056848870447e-18
VFER_SNR_TKEO,2.3180992242344944e-18
det_LT_entropy_shannon_7_coef,2.3088364010033154e-18
tqwt_TKEO_mean_dec_23,2.30610259208313e-18
app_det_TKEO_mean_1_coef,2.291364770134296e-18
IMF_NSR_entropy,2.2899244507002132e-18
tqwt_maxValue_dec_28,2.2835830756442248e-18
det_TKEO_std_1_coef,2.250752426035641e-18
app_TKEO_std_9_coef,2.245498613843262e-18
det_TKEO_mean_3_coef,2.2431441810555726e-18
app_LT_TKEO_std_4_coef,2.238002596021207e-18
mean_MFCC_2nd_coef,2.2340632353585014e-18
tqwt_entropy_log_dec_22,2.22547880393265e-18
app_TKEO_std_7_coef,2.2215959736790067e-18
tqwt_maxValue_dec_2,2.2190724121709e-18
tqwt_kurtosisValue_dec_34,2.1961591431344108e-18
tqwt_entropy_log_dec_17,2.1911091005342627e-18
mean_MFCC_6th_coef,2.189962772701273e-18
det_TKEO_mean_2_coef,2.1767087057587338e-18
Ed_9_coef,2.1638810071385947e-18
tqwt_stdValue_dec_9,2.1589252358407034e-18
tqwt_maxValue_dec_3,2.1585066060526655e-18
tqwt_stdValue_dec_16,2.1441908344210456e-18
app_entropy_shannon_10_coef,2.1398893912579495e-18
tqwt_maxValue_dec_23,2.1390849466446882e-18
tqwt_TKEO_mean_dec_36,2.138515392940053e-18
tqwt_minValue_dec_19,2.1314065035524795e-18
tqwt_TKEO_std_dec_21,2.1280427571609936e-18
tqwt_minValue_dec_2,2.12588770462317e-18
tqwt_stdValue_dec_10,2.11868921513495e-18
tqwt_minValue_dec_28,2.116452531162693e-18
app_entropy_shannon_1_coef,2.1074772067843084e-18
tqwt_TKEO_std_dec_36,2.1040816769717285e-18
tqwt_entropy_log_dec_14,2.0993107360544004e-18
tqwt_TKEO_mean_dec_34,2.0878411174444562e-18
tqwt_entropy_log_dec_35,2.0696011652021276e-18
tqwt_TKEO_std_dec_25,2.0464666393222468e-18
tqwt_entropy_log_dec_15,2.038821799570611e-18
mean_7th_delta,2.0267224616615152e-18
app_LT_TKEO_mean_7_coef,2.0078043365361112e-18
app_TKEO_std_2_coef,2.0007945864831883e-18
app_entropy_log_9_coef,1.996940518989196e-18
tqwt_entropy_shannon_dec_18,1.9916929952352173e-18
app_entropy_log_8_coef,1.988625311687182e-18
tqwt_maxValue_dec_19,1.9799699381225782e-18
tqwt_stdValue_dec_30,1.9776125513279164e-18
tqwt_energy_dec_36,1.968666963478184e-18
mean_delta_delta_log_energy,1.9667475865305776e-18
tqwt_kurtosisValue_dec_16,1.960881568706961e-18
f2,1.952047288437827e-18
mean_MFCC_8th_coef,1.9501916349744658e-18
mean_7th_delta_delta,1.9480220585854038e-18
GNE_std,1.9457755309898723e-18
app_entropy_log_10_coef,1.938040543810293e-18
tqwt_energy_dec_32,1.937801785343529e-18
app_entropy_shannon_8_coef,1.9362343737988215e-18
tqwt_maxValue_dec_27,1.931671268174231e-18
tqwt_kurtosisValue_dec_19,1.926799568166964e-18
tqwt_medianValue_dec_6,1.913660266737613e-18
tqwt_energy_dec_4,1.909420726193984e-18
IMF_NSR_SEO,1.906393322085389e-18
tqwt_energy_dec_21,1.889280567090128e-18
det_LT_entropy_shannon_10_coef,1.8752522501112735e-18
tqwt_stdValue_dec_35,1.8718303805458415e-18
app_LT_TKEO_std_7_coef,1.8704395787006825e-18
tqwt_entropy_shannon_dec_31,1.8664045097068545e-18
app_TKEO_std_10_coef,1.8650226025867885e-18
tqwt_maxValue_dec_20,1.8562641374826425e-18
app_entropy_shannon_3_coef,1.85426175823935e-18
tqwt_minValue_dec_29,1.844218520642604e-18
mean_MFCC_5th_coef,1.8412795812485902e-18
mean_2nd_delta,1.8355370643459492e-18
tqwt_kurtosisValue_dec_15,1.8300936829624847e-18
tqwt_TKEO_mean_dec_35,1.818972666611447e-18
det_LT_TKEO_std_1_coef,1.8041033566260124e-18
tqwt_entropy_shannon_dec_9,1.802322939486586e-18
tqwt_maxValue_dec_11,1.798345670035376e-18
tqwt_kurtosisValue_dec_18,1.7956028070830603e-18
tqwt_minValue_dec_1,1.78118403165541e-18
app_det_TKEO_mean_9_coef,1.7699939708173343e-18
mean_8th_delta_delta,1.767218286447955e-18
tqwt_TKEO_std_dec_23,1.7508348920654812e-18
tqwt_TKEO_std_dec_12,1.7437424546944743e-18
tqwt_kurtosisValue_dec_17,1.7432823706800218e-18
tqwt_entropy_log_dec_18,1.7308959158972245e-18
tqwt_energy_dec_5,1.7229691506550977e-18
tqwt_minValue_dec_13,1.7184346952289277e-18
tqwt_entropy_shannon_dec_11,1.7181720155810138e-18
tqwt_stdValue_dec_25,1.7155847230210513e-18
mean_11th_delta,1.7088935715879083e-18
tqwt_kurtosisValue_dec_14,1.706128716277694e-18
tqwt_minValue_dec_20,1.7025559400297707e-18
tqwt_minValue_dec_7,1.700686885569044e-18
app_entropy_shannon_6_coef,1.699653465827986e-18
tqwt_minValue_dec_10,1.6972940521921814e-18
GNE_NSR_SEO,1.6874790938296158e-18
tqwt_TKEO_std_dec_11,1.6824411697496133e-18
app_LT_TKEO_std_8_coef,1.6633364997799025e-18
tqwt_entropy_log_dec_1,1.6534029982033882e-18
det_LT_TKEO_std_5_coef,1.653085659128761e-18
maxIntensity,1.6375038013158736e-18
tqwt_kurtosisValue_dec_29,1.6214037912473635e-18
tqwt_TKEO_std_dec_10,1.6211341679289637e-18
tqwt_minValue_dec_3,1.6167818848898187e-18
app_entropy_shannon_2_coef,1.6125740025046676e-18
tqwt_maxValue_dec_29,1.6083671766716619e-18
tqwt_medianValue_dec_32,1.6033256225341317e-18
tqwt_maxValue_dec_14,1.5907460698855626e-18
tqwt_minValue_dec_8,1.5897273931910828e-18
app_TKEO_std_8_coef,1.5828073398785965e-18
mean_MFCC_7th_coef,1.5787494049099167e-18
tqwt_TKEO_std_dec_32,1.5731508573373636e-18
app_LT_TKEO_mean_6_coef,1.5724945357670163e-18
tqwt_medianValue_dec_24,1.5652314199601008e-18
tqwt_TKEO_std_dec_24,1.5587683680019706e-18
tqwt_minValue_dec_27,1.554863431036501e-18
tqwt_stdValue_dec_28,1.5540526142513598e-18
mean_4th_delta,1.5496964554385464e-18
tqwt_medianValue_dec_1,1.5434635744672134e-18
tqwt_stdValue_dec_15,1.5394762236274206e-18
tqwt_medianValue_dec_36,1.5286823958828957e-18
app_det_TKEO_mean_3_coef,1.5269115451305081e-18
tqwt_TKEO_std_dec_33,1.5259571963617508e-18
tqwt_kurtosisValue_dec_13,1.5251973090572165e-18
tqwt_minValue_dec_26,1.5196531370615406e-18
tqwt_entropy_shannon_dec_17,1.518525857537051e-18
det_LT_TKEO_mean_3_coef,1.5115524791833162e-18
tqwt_stdValue_dec_1,1.5079027977648833e-18
app_LT_entropy_shannon_7_coef,1.5002217911115428e-18
tqwt_energy_dec_33,1.490595627979538e-18
app_LT_TKEO_std_9_coef,1.490045445216315e-18
b3,1.4862248203875892e-18
tqwt_maxValue_dec_26,1.4861256921856865e-18
tqwt_entropy_shannon_dec_21,1.4793530813242901e-18
b4,1.4775248992229142e-18
tqwt_maxValue_dec_4,1.469571333093262e-18
tqwt_TKEO_mean_dec_10,1.4576889363364243e-18
mean_MFCC_9th_coef,1.4437983234898758e-18
tqwt_energy_dec_13,1.4391307620652398e-18
tqwt_entropy_shannon_dec_2,1.4306755454138366e-18
tqwt_medianValue_dec_5,1.430506549158588e-18
app_entropy_log_7_coef,1.4279954548330631e-18
tqwt_minValue_dec_4,1.426740120221042e-18
app_LT_TKEO_mean_10_coef,1.4214106425159394e-18
tqwt_stdValue_dec_17,1.4083121892835738e-18
tqwt_entropy_log_dec_2,1.4042255484192145e-18
tqwt_TKEO_mean_dec_32,1.4009802463596395e-18
tqwt_TKEO_mean_dec_33,1.3974767103293942e-18
tqwt_stdValue_dec_4,1.3941708080944458e-18
tqwt_skewnessValue_dec_18,1.3925358695625914e-18
tqwt_TKEO_mean_dec_11,1.3910494941304218e-18
app_LT_entropy_shannon_9_coef,1.3897345679192387e-18
tqwt_energy_dec_30,1.3894121425553668e-18
tqwt_entropy_log_dec_11,1.3884619107523236e-18
tqwt_TKEO_std_dec_19,1.3863215272593205e-18
tqwt_TKEO_mean_dec_2,1.3821567592149169e-18
tqwt_energy_dec_24,1.3805463581722079e-18
tqwt_minValue_dec_14,1.377566372711959e-18
tqwt_maxValue_dec_25,1.3758078644507386e-18
tqwt_TKEO_std_dec_1,1.3749698287263825e-18
tqwt_entropy_log_dec_26,1.3723089627173786e-18
tqwt_minValue_dec_34,1.371042274211977e-18
app_LT_entropy_log_1_coef,1.3674916026503652e-18
app_LT_entropy_log_2_coef,1.3629928164896416e-18
tqwt_minValue_dec_25,1.3613858970916836e-18
tqwt_energy_dec_34,1.3396303241112334e-18
tqwt_energy_dec_35,1.3332730765206267e-18
IMF_SNR_entropy,1.3273961776548826e-18
app_LT_entropy_shannon_10_coef,1.3219022010081588e-18
tqwt_stdValue_dec_21,1.317659032457575e-18
tqwt_entropy_log_dec_5,1.311088906646122e-18
tqwt_entropy_shannon_dec_10,1.3073240743699943e-18
app_LT_entropy_shannon_6_coef,1.299423974832235e-18
b1,1.2952827580036432e-18
tqwt_maxValue_dec_13,1.2915741061518635e-18
app_LT_TKEO_mean_8_coef,1.289014748518165e-18
app_entropy_shannon_7_coef,1.2887281034402037e-18
tqwt_maxValue_dec_36,1.285527120674011e-18
tqwt_maxValue_dec_24,1.2812665901005085e-18
mean_MFCC_3rd_coef,1.2775074173332623e-18
tqwt_entropy_log_dec_23,1.2763717409675052e-18
tqwt_stdValue_dec_3,1.2685185177590492e-18
tqwt_entropy_log_dec_3,1.2672519295105507e-18
tqwt_energy_dec_20,1.2655575278536776e-18
tqwt_TKEO_mean_dec_9,1.259977238158835e-18
tqwt_energy_dec_28,1.2535073809985584e-18
tqwt_entropy_log_dec_4,1.2494991418604382e-18
tqwt_minValue_dec_9,1.2494923411360624e-18
tqwt_stdValue_dec_22,1.2493962614408218e-18
app_LT_TKEO_std_10_coef,1.2483145470114555e-18
tqwt_maxValue_dec_9,1.235550744387707e-18
tqwt_kurtosisValue_dec_36,1.227804282064604e-18
IMF_SNR_SEO,1.2171666842678525e-18
tqwt_kurtosisValue_dec_27,1.213160937753609e-18
app_LT_entropy_log_3_coef,1.208930076341719e-18
tqwt_kurtosisValue_dec_23,1.2080883592723142e-18
mean_MFCC_11th_coef,1.2037247645696092e-18
tqwt_minValue_dec_24,1.195955250868007e-18
tqwt_meanValue_dec_36,1.19448209135846e-18
app_LT_entropy_shannon_8_coef,1.1935285108217582e-18
mean_5th_delta_delta,1.1756208449271204e-18
tqwt_TKEO_mean_dec_25,1.1660628184751823e-18
tqwt_stdValue_dec_12,1.1634674825609667e-18
app_LT_entropy_log_4_coef,1.1630676742405005e-18
det_LT_TKEO_std_2_coef,1.161413254316808e-18
tqwt_maxValue_dec_7,1.1607852025244524e-18
tqwt_skewnessValue_dec_2,1.1566683622644942e-18
app_LT_TKEO_mean_9_coef,1.1334217777161786e-18
VFER_NSR_SEO,1.1287755862782439e-18
std_MFCC_4th_coef,1.113770552533287e-18
tqwt_TKEO_std_dec_2,1.099750624228565e-18
tqwt_stdValue_dec_20,1.0936316049760334e-18
tqwt_medianValue_dec_18,1.0926657500159957e-18
app_LT_entropy_log_8_coef,1.0834969956622181e-18
tqwt_TKEO_std_dec_9,1.0755509959542723e-18
tqwt_energy_dec_14,1.049212408963722e-18
tqwt_entropy_log_dec_6,1.0426536941396063e-18
mean_6th_delta_delta,1.0373156472835288e-18
tqwt_maxValue_dec_5,1.0300488319534856e-18
tqwt_skewnessValue_dec_1,1.0244856120868359e-18
tqwt_maxValue_dec_8,1.0232314569086937e-18
det_LT_entropy_shannon_5_coef,1.0210585811126142e-18
app_LT_entropy_log_9_coef,1.0199368264305408e-18
tqwt_TKEO_std_dec_13,1.016636602265604e-18
mean_12th_delta,1.0161194112332568e-18
tqwt_energy_dec_26,1.0028884224683485e-18
Ea,1.0020402148021935e-18
tqwt_entropy_shannon_dec_22,9.989807913510483e-19
tqwt_skewnessValue_dec_17,9.967785672546595e-19
tqwt_TKEO_mean_dec_21,9.908633023632001e-19
app_LT_entropy_log_10_coef,9.802276831083315e-19
tqwt_kurtosisValue_dec_11,9.771592063525015e-19
tqwt_minValue_dec_18,9.69925529202437e-19
tqwt_energy_dec_3,9.613860384465688e-19
tqwt_skewnessValue_dec_20,9.59950828034947e-19
tqwt_minValue_dec_5,9.558355444817213e-19
tqwt_energy_dec_8,9.40110229451148e-19
tqwt_entropy_shannon_dec_12,9.400839323841788e-19
tqwt_entropy_shannon_dec_36,9.375324222755988e-19
tqwt_stdValue_dec_27,9.316816811522686e-19
app_entropy_log_6_coef,9.258075073244193e-19
tqwt_entropy_log_dec_27,9.24624068235245e-19
tqwt_minValue_dec_6,9.179586034349875e-19
tqwt_energy_dec_2,9.15836893203367e-19
tqwt_TKEO_mean_dec_16,9.150050326695158e-19
VFER_entropy,9.108084181296555e-19
mean_5th_delta,9.094570616834832e-19
tqwt_TKEO_mean_dec_12,9.084348190866921e-19
det_entropy_log_3_coef,9.071866866724234e-19
tqwt_TKEO_std_dec_26,9.046119804211968e-19
std_MFCC_6th_coef,8.955564607523405e-19
tqwt_TKEO_std_dec_20,8.91859407183661e-19
app_entropy_log_1_coef,8.899751765265292e-19
tqwt_TKEO_std_dec_28,8.731085076278642e-19
tqwt_TKEO_std_dec_27,8.680689011308314e-19
tqwt_TKEO_std_dec_18,8.668747116516886e-19
det_LT_entropy_shannon_3_coef,8.66595205146183e-19
std_9th_delta,8.647116611441262e-19
tqwt_kurtosisValue_dec_12,8.645998936573428e-19
tqwt_stdValue_dec_5,8.537135156960544e-19
tqwt_kurtosisValue_dec_25,8.498878921791497e-19
app_LT_entropy_log_5_coef,8.486738613169298e-19
app_LT_entropy_shannon_5_coef,8.441538318851278e-19
tqwt_skewnessValue_dec_32,8.431533722080346e-19
tqwt_TKEO_std_dec_30,8.42174555335831e-19
mean_9th_delta,8.380763064960192e-19
tqwt_stdValue_dec_29,8.345557760967449e-19
tqwt_entropy_shannon_dec_32,8.341581366021851e-19
tqwt_entropy_log_dec_12,8.337580015090229e-19
tqwt_skewnessValue_dec_33,8.138454884714049e-19
tqwt_entropy_shannon_dec_3,8.111249892074201e-19
tqwt_skewnessValue_dec_29,8.102591828322012e-19
tqwt_stdValue_dec_18,7.981681017614311e-19
tqwt_maxValue_dec_6,7.919646178751965e-19
tqwt_entropy_shannon_dec_1,7.845307095073747e-19
tqwt_entropy_shannon_dec_33,7.764927463774127e-19
GNE_NSR_TKEO,7.762754291738248e-19
app_LT_entropy_shannon_1_coef,7.745784032823005e-19
std_MFCC_8th_coef,7.7156602404276895e-19
app_LT_entropy_shannon_4_coef,7.712204592836705e-19
tqwt_kurtosisValue_dec_24,7.700761122503959e-19
tqwt_TKEO_mean_dec_1,7.654908678643972e-19
tqwt_medianValue_dec_33,7.588293729473871e-19
tqwt_TKEO_mean_dec_28,7.584104983318352e-19
app_entropy_log_2_coef,7.570867556440566e-19
tqwt_medianValue_dec_4,7.540336869847819e-19
det_entropy_shannon_5_coef,7.473790123700841e-19
tqwt_TKEO_std_dec_3,7.426099535662747e-19
tqwt_maxValue_dec_18,7.379453385403736e-19
tqwt_skewnessValue_dec_13,7.2990267872956e-19
tqwt_entropy_log_dec_13,7.274513809128046e-19
tqwt_kurtosisValue_dec_1,7.24639731201911e-19
tqwt_skewnessValue_dec_4,7.209951547180406e-19
tqwt_TKEO_mean_dec_20,7.183087680020885e-19
tqwt_kurtosisValue_dec_28,7.157615465604229e-19
tqwt_medianValue_dec_10,7.1459960755404e-19
tqwt_kurtosisValue_dec_7,7.113496454583956e-19
tqwt_kurtosisValue_dec_3,7.06084415526707e-19
tqwt_kurtosisValue_dec_2,7.048638102460974e-19
tqwt_TKEO_std_dec_14,7.012541756672709e-19
tqwt_TKEO_std_dec_4,7.007292290509675e-19
tqwt_entropy_shannon_dec_4,6.884626234362875e-19
mean_6th_delta,6.805311581799412e-19
tqwt_entropy_shannon_dec_14,6.761392612960907e-19
f4,6.670768868157434e-19
mean_1st_delta_delta,6.641456874027358e-19
tqwt_TKEO_mean_dec_4,6.581954016903694e-19
mean_MFCC_4th_coef,6.500251566024624e-19
tqwt_medianValue_dec_35,6.459214051712752e-19
mean_2nd_delta_delta,6.384250735661732e-19
tqwt_stdValue_dec_7,6.375527578190252e-19
tqwt_entropy_shannon_dec_5,6.333010490328642e-19
app_entropy_log_5_coef,6.305852667670486e-19
tqwt_stdValue_dec_6,6.2792976599824665e-19
det_entropy_log_8_coef,6.2063005046319665e-19
tqwt_medianValue_dec_34,6.150579951073616e-19
tqwt_TKEO_std_dec_29,6.127345918663869e-19
tqwt_kurtosisValue_dec_6,6.0420310841045165e-19
tqwt_skewnessValue_dec_14,6.039949716919193e-19
tqwt_medianValue_dec_15,6.00189641038273e-19
tqwt_TKEO_mean_dec_3,5.874475461662209e-19
tqwt_TKEO_mean_dec_30,5.726035745146092e-19
tqwt_medianValue_dec_21,5.6903175373983405e-19
mean_12th_delta_delta,5.6675041359462555e-19
tqwt_entropy_shannon_dec_30,5.665121949085064e-19
tqwt_entropy_shannon_dec_24,5.60869471204767e-19
mean_1st_delta,5.4954975112416e-19
tqwt_kurtosisValue_dec_4,5.44575514329585e-19
tqwt_entropy_log_dec_19,5.38378967882347e-19
tqwt_stdValue_dec_26,5.378398273018398e-19
tqwt_TKEO_mean_dec_15,5.340406478434934e-19
tqwt_entropy_log_dec_10,5.335059760678998e-19
ddpJitter,5.272566926162448e-19
tqwt_entropy_shannon_dec_13,5.270560819531675e-19
tqwt_medianValue_dec_11,5.27009315795073e-19
tqwt_medianValue_dec_31,5.227626713054392e-19
tqwt_kurtosisValue_dec_5,5.157152391888299e-19
tqwt_entropy_shannon_dec_6,5.07718919125585e-19
tqwt_energy_dec_7,5.059388168528914e-19
tqwt_TKEO_mean_dec_17,5.058314478867694e-19
tqwt_TKEO_mean_dec_5,4.992894385665281e-19
tqwt_skewnessValue_dec_36,4.991543045710971e-19
tqwt_medianValue_dec_27,4.991393699244869e-19
tqwt_skewnessValue_dec_22,4.974215963962211e-19
tqwt_entropy_shannon_dec_28,4.966922929775104e-19
tqwt_stdValue_dec_8,4.908431631654801e-19
app_LT_entropy_shannon_2_coef,4.803518353610077e-19
tqwt_kurtosisValue_dec_8,4.799442148293809e-19
app_LT_entropy_log_7_coef,4.790346078469129e-19
mean_10th_delta_delta,4.733753158614197e-19
tqwt_medianValue_dec_8,4.701492009439237e-19
app_entropy_log_3_coef,4.698467450884396e-19
tqwt_kurtosisValue_dec_10,4.661632323961331e-19
tqwt_maxValue_dec_12,4.638545501787846e-19
tqwt_entropy_log_dec_9,4.63034040086831e-19
tqwt_energy_dec_29,4.59292962255269e-19
IMF_NSR_TKEO,4.586633558351836e-19
tqwt_kurtosisValue_dec_9,4.553927822481497e-19
tqwt_stdValue_dec_19,4.522726982234711e-19
tqwt_TKEO_mean_dec_27,4.429926044151529e-19
app_LT_entropy_log_6_coef,4.4258679521273615e-19
tqwt_stdValue_dec_14,4.424819904603718e-19
f3,4.411739125959344e-19
GNE_SNR_TKEO,4.411730276045634e-19
tqwt_entropy_log_dec_7,4.389762795130545e-19
mean_MFCC_0th_coef,4.2854921621796634e-19
tqwt_medianValue_dec_17,4.1803110856059916e-19
tqwt_TKEO_mean_dec_26,4.154005124606031e-19
tqwt_entropy_shannon_dec_27,4.1033515419803655e-19
app_LT_entropy_shannon_3_coef,4.089777219584183e-19
tqwt_skewnessValue_dec_6,4.0682285949293014e-19
tqwt_TKEO_mean_dec_13,3.990065144991254e-19
tqwt_stdValue_dec_13,3.9330089377605195e-19
tqwt_medianValue_dec_7,3.8708135597035036e-19
tqwt_skewnessValue_dec_16,3.856546213194525e-19
tqwt_medianValue_dec_2,3.7958784394349847e-19
tqwt_TKEO_mean_dec_29,3.7721407211598734e-19
tqwt_minValue_dec_16,3.747396537081463e-19
tqwt_medianValue_dec_16,3.693918972026583e-19
tqwt_medianValue_dec_13,3.676126080208871e-19
tqwt_skewnessValue_dec_30,3.6397392758720397e-19
tqwt_TKEO_mean_dec_19,3.5852764997193743e-19
tqwt_skewnessValue_dec_26,3.511141645149464e-19
tqwt_TKEO_std_dec_5,3.3713832138109063e-19
tqwt_TKEO_std_dec_16,3.2306262589296824e-19
tqwt_medianValue_dec_26,3.2165004106174666e-19
tqwt_entropy_log_dec_8,3.207453115528196e-19
tqwt_entropy_log_dec_20,3.062224161399081e-19
tqwt_skewnessValue_dec_34,3.004477014493138e-19
tqwt_TKEO_std_dec_7,2.986429074691602e-19
mean_delta_log_energy,2.9689717997456338e-19
tqwt_entropy_shannon_dec_20,2.8947696675790397e-19
tqwt_maxValue_dec_15,2.847647878463528e-19
tqwt_entropy_log_dec_21,2.83360114934715e-19
tqwt_skewnessValue_dec_5,2.741930069006539e-19
tqwt_maxValue_dec_16,2.7369229863103626e-19
tqwt_skewnessValue_dec_12,2.687350142731452e-19
tqwt_entropy_shannon_dec_25,2.645421657859426e-19
tqwt_skewnessValue_dec_35,2.631714611235833e-19
tqwt_skewnessValue_dec_31,2.6199842937858494e-19
tqwt_medianValue_dec_12,2.6053350128161446e-19
GNE_SNR_SEO,2.546306239170568e-19
tqwt_entropy_shannon_dec_8,2.5440503056002406e-19
tqwt_entropy_shannon_dec_7,2.526217096177654e-19
tqwt_entropy_shannon_dec_19,2.487821267729996e-19
tqwt_skewnessValue_dec_15,2.4842596755085193e-19
tqwt_skewnessValue_dec_3,2.4639052840872047e-19
tqwt_entropy_shannon_dec_29,2.398402080098131e-19
VFER_std,2.330646244594739e-19
tqwt_TKEO_std_dec_8,2.3258601593941127e-19
tqwt_medianValue_dec_9,2.266589111038823e-19
tqwt_TKEO_mean_dec_6,2.2325335321181205e-19
meanIntensity,2.2305717940813884e-19
tqwt_energy_dec_6,2.2116625561388813e-19
tqwt_skewnessValue_dec_19,2.1592030038777231e-19
tqwt_medianValue_dec_25,2.159049715357047e-19
tqwt_TKEO_mean_dec_7,2.114596623704797e-19
tqwt_entropy_shannon_dec_23,2.105273020809514e-19
f1,2.0512376639044044e-19
GNE_mean,2.0309198625493088e-19
tqwt_medianValue_dec_14,1.9978699791068288e-19
VFER_SNR_SEO,1.882187271091604e-19
tqwt_medianValue_dec_28,1.8660906491004521e-19
tqwt_medianValue_dec_23,1.8267685064311863e-19
mean_9th_delta_delta,1.8176407490096407e-19
tqwt_TKEO_mean_dec_24,1.7026767334273762e-19
tqwt_skewnessValue_dec_25,1.5373380381362347e-19
mean_3rd_delta,1.5246523799736746e-19
tqwt_medianValue_dec_20,1.4833009623903698e-19
app_entropy_log_4_coef,1.4220971720580044e-19
tqwt_skewnessValue_dec_27,1.395909047566654e-19
tqwt_kurtosisValue_dec_26,1.394604151100357e-19
tqwt_skewnessValue_dec_24,1.3832508345833364e-19
tqwt_medianValue_dec_3,1.3506707126200432e-19
tqwt_entropy_shannon_dec_26,1.2876486813051093e-19
tqwt_TKEO_std_dec_15,1.2466999513235197e-19
tqwt_TKEO_mean_dec_8,1.2374887888910076e-19
tqwt_skewnessValue_dec_10,1.205759920769158e-19
tqwt_medianValue_dec_22,1.1404304316973374e-19
tqwt_medianValue_dec_19,1.1160437270127957e-19
VFER_mean,1.1157843008901204e-19
mean_0th_delta,1.068838933199116e-19
tqwt_TKEO_std_dec_17,1.0685862301065983e-19
tqwt_energy_dec_27,1.050390568850798e-19
tqwt_medianValue_dec_30,1.0499425549574655e-19
tqwt_minValue_dec_17,1.0145019905063358e-19
tqwt_TKEO_std_dec_6,9.709700964572264e-20
tqwt_skewnessValue_dec_7,9.372651340202304e-20
tqwt_skewnessValue_dec_8,8.914079710166001e-20
tqwt_maxValue_dec_17,8.611955682254482e-20
tqwt_skewnessValue_dec_21,8.0401851859598e-20
tqwt_skewnessValue_dec_23,6.842525145537815e-20
tqwt_minValue_dec_15,6.82523869372894e-20
tqwt_medianValue_dec_29,6.465905819952135e-20
tqwt_stdValue_dec_24,5.51816853174558e-20
tqwt_TKEO_mean_dec_18,5.3243597842890355e-20
tqwt_TKEO_mean_dec_14,4.116100102471972e-20
tqwt_skewnessValue_dec_9,3.9898974836461266e-20
tqwt_skewnessValue_dec_11,2.0213317605250998e-20
tqwt_skewnessValue_dec_28,1.3025268114582263e-20
PPE,1.3718547356895404e-28
tqwt_meanValue_dec_27,7.145975814489932e-35
tqwt_meanValue_dec_23,3.894801605894456e-35
tqwt_meanValue_dec_33,3.559577244460995e-35
tqwt_meanValue_dec_28,2.945320230753556e-35
tqwt_meanValue_dec_26,2.284001586050903e-35
tqwt_meanValue_dec_22,1.7289370423397707e-35
tqwt_meanValue_dec_21,1.7234289711890987e-35
tqwt_meanValue_dec_24,1.511333418435667e-35
tqwt_meanValue_dec_31,1.441900091302583e-35
tqwt_meanValue_dec_34,8.159282419184486e-36
tqwt_meanValue_dec_18,6.113211993688761e-36
tqwt_meanValue_dec_19,5.3711434296541664e-36
tqwt_meanValue_dec_32,3.010886613629869e-36
tqwt_meanValue_dec_17,2.757305081579099e-36
tqwt_meanValue_dec_35,2.4795244844024695e-36
tqwt_meanValue_dec_13,2.3535428537284358e-36
tqwt_meanValue_dec_14,1.6186938174661427e-36
tqwt_meanValue_dec_25,1.5376971183555613e-36
tqwt_meanValue_dec_29,1.512899339974972e-36
tqwt_meanValue_dec_12,9.666705729474083e-37
tqwt_meanValue_dec_20,9.6542129332161e-37
tqwt_meanValue_dec_8,6.957120473746199e-37
tqwt_meanValue_dec_11,6.646372370356021e-37
tqwt_meanValue_dec_10,4.644993519865366e-37
tqwt_meanValue_dec_9,4.4240040398892e-37
tqwt_meanValue_dec_7,4.017535626437933e-37
tqwt_meanValue_dec_16,3.914314488162739e-37
tqwt_meanValue_dec_6,2.208767437904101e-37
tqwt_meanValue_dec_15,1.6346179956473728e-37
tqwt_meanValue_dec_1,6.420910561533807e-38
tqwt_meanValue_dec_2,3.6370999569935153e-38
tqwt_meanValue_dec_3,1.2127685613579425e-38
tqwt_meanValue_dec_4,4.6814890205424375e-39
