,0
PPE,3.876592073056689e-38
EEG,4.219838328172e-33
RPDE,3.250000427783307e-33
numPulses,2.838241026316923e-31
numPeriodsPulses,2.3231744400944314e-31
meanPeriodPulses,5.371691428506754e-34
stdDevPeriodPulses,3.4327754359607236e-35
locPctJitter,7.028472394222369e-33
locAbsJitter,2.015776905025042e-32
rapJitter,2.1525943197755945e-31
ppq5Jitter,1.6393109216474928e-35
ddpJitter,1.262402852550066e-31
locShimmer,1.7582977045719757e-31
locDbShimmer,1.1385205579842924e-32
apq3Shimmer,9.236788102586514e-33
apq5Shimmer,2.1567291129476892e-32
apq11Shimmer,6.529538746817675e-34
ddaShimmer,4.869928262733027e-32
meanAutoCorrHarmonicity,3.086646700018999e-32
meanNoiseToHarmHarmonicity,7.676663740409428e-33
meanHarmToNoiseHarmonicity,3.5280651060187842e-34
minIntensity,2.587889268862048e-31
maxIntensity,9.879032872724996e-32
meanIntensity,4.483246708988791e-31
f1,3.955182350091524e-33
f2,1.5991223221624245e-33
f3,6.485933598215516e-35
f4,4.450172648564413e-34
b1,1.0706542538117433e-33
b2,8.996643442687883e-34
b3,2.08933206386666e-33
b4,2.8814339246877534e-34
GQ_prc5_95,1.7510433918771592e-33
GQ_std_cycle_open,5.232000497409904e-34
GQ_std_cycle_closed,1.8273764774481254e-33
GNE_mean,1.4242304637377815e-32
GNE_std,3.6950478946018726e-32
GNE_SNR_TKEO,1.3140444390409183e-33
GNE_SNR_SEO,1.3111191051791563e-34
GNE_NSR_TKEO,4.0675531860144176e-33
GNE_NSR_SEO,4.551506624922701e-34
VFER_mean,4.780572143999801e-32
VFER_std,7.121256531644446e-33
VFER_entropy,3.4585495738460575e-32
VFER_SNR_TKEO,4.564719473456712e-34
VFER_SNR_SEO,1.7529146217241766e-33
VFER_NSR_TKEO,3.0155980040429223e-34
VFER_NSR_SEO,1.0010316430112373e-32
IMF_SNR_SEO,1.5888383102929196e-32
IMF_SNR_TKEO,9.066278191287931e-33
IMF_SNR_entropy,2.564279739282201e-32
IMF_NSR_SEO,3.971519440583043e-32
IMF_NSR_TKEO,2.512540220065283e-34
IMF_NSR_entropy,6.373979638459696e-32
mean_Log_energy,4.31152306003965e-33
mean_MFCC_0th_coef,6.052417145069839e-35
mean_MFCC_1st_coef,1.0261398545104232e-32
mean_MFCC_2nd_coef,4.047187334982979e-34
mean_MFCC_3rd_coef,1.815444960091249e-32
mean_MFCC_4th_coef,5.999049816286663e-34
mean_MFCC_5th_coef,1.539597775889398e-33
mean_MFCC_6th_coef,5.192419748936353e-33
mean_MFCC_7th_coef,3.707033296385084e-33
mean_MFCC_8th_coef,1.0464628852862897e-32
mean_MFCC_9th_coef,3.897045303111639e-33
mean_MFCC_10th_coef,1.106938397761028e-34
mean_MFCC_11th_coef,2.0518523785016274e-33
mean_MFCC_12th_coef,3.39477826311157e-34
mean_delta_log_energy,7.432680919957804e-32
mean_0th_delta,6.206197576202835e-33
mean_1st_delta,7.792522452367754e-34
mean_2nd_delta,3.512531947083328e-33
mean_3rd_delta,3.0346051029166184e-33
mean_4th_delta,8.27814222255975e-34
mean_5th_delta,6.128175839026422e-34
mean_6th_delta,3.903848017143953e-34
mean_7th_delta,2.728976867489644e-35
mean_8th_delta,2.8658850774158616e-34
mean_9th_delta,2.2354661085991806e-33
mean_10th_delta,2.6039244448046854e-33
mean_11th_delta,1.8228521668685147e-33
mean_12th_delta,4.3733995032342715e-35
mean_delta_delta_log_energy,1.624347038544006e-32
mean_delta_delta_0th,8.794578692438446e-33
mean_1st_delta_delta,3.77781502816857e-33
mean_2nd_delta_delta,4.94897760067526e-34
mean_3rd_delta_delta,5.527760519303582e-33
mean_4th_delta_delta,1.0250681561767592e-33
mean_5th_delta_delta,1.0085133364120156e-33
mean_6th_delta_delta,4.748413684472439e-33
mean_7th_delta_delta,2.37311237337084e-34
mean_8th_delta_delta,5.398830172589326e-34
mean_9th_delta_delta,5.758551452856495e-33
mean_10th_delta_delta,3.4347042727329747e-35
mean_11th_delta_delta,1.0728677300162375e-33
mean_12th_delta_delta,3.336141355537167e-33
std_Log_energy,9.099279975787483e-32
std_MFCC_0th_coef,4.2418416399533404e-35
std_MFCC_1st_coef,9.729040971282835e-33
std_MFCC_2nd_coef,1.2105818969856998e-33
std_MFCC_3rd_coef,2.9995353322996086e-34
std_MFCC_4th_coef,2.3065873242953634e-34
std_MFCC_5th_coef,1.8791540988340627e-33
std_MFCC_6th_coef,2.4128044389145634e-34
std_MFCC_7th_coef,3.4371588669498344e-33
std_MFCC_8th_coef,2.556794904850121e-34
std_MFCC_9th_coef,3.805438104592999e-33
std_MFCC_10th_coef,1.2352625024677656e-32
std_MFCC_11th_coef,4.547442636010049e-33
std_MFCC_12th_coef,4.324463410475383e-33
std_delta_log_energy,2.845908489159304e-32
std_0th_delta,1.0281992494557703e-31
std_1st_delta,5.4209558892920357e-33
std_2nd_delta,1.7232479111483542e-32
std_3rd_delta,7.052124785642608e-33
std_4th_delta,1.9713713924553615e-32
std_5th_delta,9.39136944690884e-34
std_6th_delta,4.825622531299849e-33
std_7th_delta,3.037107353184755e-33
std_8th_delta,2.338977255385802e-33
std_9th_delta,2.3528649614604315e-34
std_10th_delta,4.243417755048098e-33
std_11th_delta,6.231165142057721e-33
std_12th_delta,1.4037427688250312e-33
std_delta_delta_log_energy,3.6493920749477077e-32
std_delta_delta_0th,4.6856625579016493e-32
std_1st_delta_delta,1.9758214096879805e-34
std_2nd_delta_delta,1.606637448167078e-32
std_3rd_delta_delta,6.608765834769014e-33
std_4th_delta_delta,6.247296048287048e-33
std_5th_delta_delta,2.1567155698265896e-33
std_6th_delta_delta,9.55919219044497e-33
std_7th_delta_delta,5.2378885690063154e-33
std_8th_delta_delta,5.939108147277723e-34
std_9th_delta_delta,1.0965322478344236e-33
std_10th_delta_delta,1.320876161974691e-33
std_11th_delta_delta,6.901591843324331e-33
std_12th_delta_delta,1.237733863417387e-33
Ea,3.8295878049468184e-31
Ed_1_coef,6.485255005882026e-34
Ed_2_coef,3.052197901334092e-32
Ed_3_coef,3.171703196818545e-32
Ed_4_coef,3.047894811837523e-32
Ed_5_coef,1.016871965014945e-31
Ed_6_coef,2.9004208225565525e-31
Ed_7_coef,1.4559794742108396e-32
Ed_8_coef,2.8721014246571185e-32
Ed_9_coef,4.119362353845251e-32
Ed_10_coef,1.554149153416121e-31
det_entropy_shannon_1_coef,1.8406893523876863e-32
det_entropy_shannon_2_coef,3.4237831844379796e-32
det_entropy_shannon_3_coef,3.485544661387919e-31
det_entropy_shannon_4_coef,1.602627169309251e-32
det_entropy_shannon_5_coef,1.4306103856204653e-32
det_entropy_shannon_6_coef,8.002927736831469e-32
det_entropy_shannon_7_coef,1.5064835843332506e-31
det_entropy_shannon_8_coef,4.9035532530108786e-32
det_entropy_shannon_9_coef,6.209568001342304e-32
det_entropy_shannon_10_coef,4.7843147653500414e-31
det_entropy_log_1_coef,3.352870382313267e-33
det_entropy_log_2_coef,4.714516910969801e-32
det_entropy_log_3_coef,2.0329334363507955e-31
det_entropy_log_4_coef,3.346726592715932e-32
det_entropy_log_5_coef,8.871287857386669e-32
det_entropy_log_6_coef,4.746107777401001e-32
det_entropy_log_7_coef,1.2250862894314069e-32
det_entropy_log_8_coef,2.4412594406331004e-32
det_entropy_log_9_coef,6.07674819228712e-33
det_entropy_log_10_coef,7.608874478828901e-32
det_TKEO_mean_1_coef,9.461920339588497e-32
det_TKEO_mean_2_coef,1.2905597884971586e-31
det_TKEO_mean_3_coef,3.4660622307715425e-32
det_TKEO_mean_4_coef,1.6561733790551162e-32
det_TKEO_mean_5_coef,4.136758754634392e-34
det_TKEO_mean_6_coef,9.552277835795512e-32
det_TKEO_mean_7_coef,1.986012539164435e-32
det_TKEO_mean_8_coef,5.622212769922917e-32
det_TKEO_mean_9_coef,6.889823350731908e-32
det_TKEO_mean_10_coef,7.205098488777784e-33
det_TKEO_std_1_coef,3.8476574424584156e-32
det_TKEO_std_2_coef,1.4533323888894226e-32
det_TKEO_std_3_coef,7.338439023002672e-32
det_TKEO_std_4_coef,1.4562280178519476e-31
det_TKEO_std_5_coef,1.594783900382733e-32
det_TKEO_std_6_coef,4.962541625781737e-33
det_TKEO_std_7_coef,2.4024546877022194e-31
det_TKEO_std_8_coef,5.809433900883182e-32
det_TKEO_std_9_coef,8.666680272962992e-32
det_TKEO_std_10_coef,2.5117734395307245e-31
app_entropy_shannon_1_coef,3.7692122742571696e-32
app_entropy_shannon_2_coef,1.4401479394409518e-31
app_entropy_shannon_3_coef,3.3037634859701225e-31
app_entropy_shannon_4_coef,3.8863174083916157e-32
app_entropy_shannon_5_coef,2.877677436865509e-32
app_entropy_shannon_6_coef,1.7512938890609714e-32
app_entropy_shannon_7_coef,7.948034242649609e-32
app_entropy_shannon_8_coef,2.603321237346283e-31
app_entropy_shannon_9_coef,1.9294839079422076e-32
app_entropy_shannon_10_coef,9.060527880136689e-33
app_entropy_log_1_coef,3.531012433769963e-31
app_entropy_log_2_coef,1.3453397156368278e-31
app_entropy_log_3_coef,3.0692320780182073e-31
app_entropy_log_4_coef,1.3850291824280009e-31
app_entropy_log_5_coef,2.1530365021199578e-32
app_entropy_log_6_coef,2.9345488007599756e-33
app_entropy_log_7_coef,5.993858300998401e-32
app_entropy_log_8_coef,1.5634888858094814e-31
app_entropy_log_9_coef,1.3287930404872156e-32
app_entropy_log_10_coef,3.7987291798703034e-31
app_det_TKEO_mean_1_coef,4.518850015951477e-32
app_det_TKEO_mean_2_coef,1.691083766650408e-33
app_det_TKEO_mean_3_coef,7.931698714385665e-32
app_det_TKEO_mean_4_coef,2.1086900908868833e-32
app_det_TKEO_mean_5_coef,2.9495348752655435e-31
app_det_TKEO_mean_6_coef,4.771882830766579e-32
app_det_TKEO_mean_7_coef,4.505545205890131e-33
app_det_TKEO_mean_8_coef,3.427635842301763e-31
app_det_TKEO_mean_9_coef,2.955991507560197e-32
app_det_TKEO_mean_10_coef,3.320193801124412e-32
app_TKEO_std_1_coef,1.9864748866095008e-32
app_TKEO_std_2_coef,2.7914079474754415e-31
app_TKEO_std_3_coef,9.168201243673207e-32
app_TKEO_std_4_coef,2.280440848026472e-32
app_TKEO_std_5_coef,5.8886004371636615e-31
app_TKEO_std_6_coef,1.3256044356188217e-31
app_TKEO_std_7_coef,2.3027573817843455e-33
app_TKEO_std_8_coef,3.953766360054797e-31
app_TKEO_std_9_coef,1.4674507935344798e-30
app_TKEO_std_10_coef,2.1535751886669814e-30
Ea2,9.187610060104403e-31
Ed2_1_coef,2.6452261198533932e-31
Ed2_2_coef,1.014027947912225e-30
Ed2_3_coef,5.928346257709158e-32
Ed2_4_coef,5.352603275532831e-32
Ed2_5_coef,1.3659112930081654e-32
Ed2_6_coef,5.670347701770626e-31
Ed2_7_coef,1.4313444070387044e-32
Ed2_8_coef,2.783134613959019e-32
Ed2_9_coef,8.062503910361813e-32
Ed2_10_coef,1.0382578749253915e-31
det_LT_entropy_shannon_1_coef,3.9129099086484383e-31
det_LT_entropy_shannon_2_coef,7.463266611751957e-32
det_LT_entropy_shannon_3_coef,2.669183943368468e-32
det_LT_entropy_shannon_4_coef,4.306589710616696e-31
det_LT_entropy_shannon_5_coef,1.632711814615144e-31
det_LT_entropy_shannon_6_coef,6.623882346654155e-31
det_LT_entropy_shannon_7_coef,1.7902524053232644e-30
det_LT_entropy_shannon_8_coef,4.14000924546082e-31
det_LT_entropy_shannon_9_coef,1.0012986269074193e-30
det_LT_entropy_shannon_10_coef,2.0664246057269467e-31
det_LT_entropy_log_1_coef,1.6823255831636994e-32
det_LT_entropy_log_2_coef,7.336715665586776e-32
det_LT_entropy_log_3_coef,1.8131876009072998e-31
det_LT_entropy_log_4_coef,4.587964115750125e-32
det_LT_entropy_log_5_coef,1.5702595368634154e-31
det_LT_entropy_log_6_coef,2.1767303336224574e-32
det_LT_entropy_log_7_coef,5.0231867799211154e-33
det_LT_entropy_log_8_coef,3.1859002163601323e-32
det_LT_entropy_log_9_coef,2.95859492645082e-32
det_LT_entropy_log_10_coef,1.0887756310160215e-31
det_LT_TKEO_mean_1_coef,1.4353945984795257e-32
det_LT_TKEO_mean_2_coef,4.101018180647607e-32
det_LT_TKEO_mean_3_coef,6.619006795336386e-32
det_LT_TKEO_mean_4_coef,1.256614408703535e-32
det_LT_TKEO_mean_5_coef,2.182778133384823e-32
det_LT_TKEO_mean_6_coef,2.668125303577638e-31
det_LT_TKEO_mean_7_coef,3.45695751772998e-32
det_LT_TKEO_mean_8_coef,1.6328266700058554e-31
det_LT_TKEO_mean_9_coef,3.237885032028561e-32
det_LT_TKEO_mean_10_coef,1.7814776439700083e-33
det_LT_TKEO_std_1_coef,1.515725302124781e-31
det_LT_TKEO_std_2_coef,4.777947014945779e-32
det_LT_TKEO_std_3_coef,1.9832256990329343e-32
det_LT_TKEO_std_4_coef,1.2229991953569164e-31
det_LT_TKEO_std_5_coef,3.0308809388205634e-32
det_LT_TKEO_std_6_coef,2.044438157707666e-32
det_LT_TKEO_std_7_coef,7.213691161026283e-32
det_LT_TKEO_std_8_coef,9.3324624555597e-33
det_LT_TKEO_std_9_coef,1.0281311288271193e-31
det_LT_TKEO_std_10_coef,3.402397371199622e-31
app_LT_entropy_shannon_1_coef,3.51447865682575e-32
app_LT_entropy_shannon_2_coef,2.783295122164792e-33
app_LT_entropy_shannon_3_coef,1.234222799807458e-32
app_LT_entropy_shannon_4_coef,3.797661878994602e-33
app_LT_entropy_shannon_5_coef,1.9452918957254987e-32
app_LT_entropy_shannon_6_coef,2.3106100458857717e-32
app_LT_entropy_shannon_7_coef,6.4642432042768184e-34
app_LT_entropy_shannon_8_coef,4.475080339418877e-33
app_LT_entropy_shannon_9_coef,1.4274289493976835e-33
app_LT_entropy_shannon_10_coef,7.724670695636588e-33
app_LT_entropy_log_1_coef,3.7835278864615394e-32
app_LT_entropy_log_2_coef,1.3279840517250096e-32
app_LT_entropy_log_3_coef,3.8506640895955294e-32
app_LT_entropy_log_4_coef,4.1865107540581325e-32
app_LT_entropy_log_5_coef,1.1353620343505016e-32
app_LT_entropy_log_6_coef,4.4168328010702184e-32
app_LT_entropy_log_7_coef,2.29372784117848e-31
app_LT_entropy_log_8_coef,1.249384709993736e-32
app_LT_entropy_log_9_coef,2.174543337711181e-32
app_LT_entropy_log_10_coef,2.2807077547038333e-32
app_LT_TKEO_mean_1_coef,4.493274967761837e-32
app_LT_TKEO_mean_2_coef,2.3603063880718386e-32
app_LT_TKEO_mean_3_coef,1.7679684593052875e-33
app_LT_TKEO_mean_4_coef,2.3751901080701135e-32
app_LT_TKEO_mean_5_coef,3.236042710514356e-33
app_LT_TKEO_mean_6_coef,6.271678695464628e-32
app_LT_TKEO_mean_7_coef,8.953770466423309e-33
app_LT_TKEO_mean_8_coef,8.00782526287432e-35
app_LT_TKEO_mean_9_coef,1.46044340736368e-32
app_LT_TKEO_mean_10_coef,1.2529148907176561e-34
app_LT_TKEO_std_1_coef,1.4455737477292583e-31
app_LT_TKEO_std_2_coef,1.4595533482978338e-31
app_LT_TKEO_std_3_coef,2.4934334328180988e-31
app_LT_TKEO_std_4_coef,1.2103255686814955e-32
app_LT_TKEO_std_5_coef,1.476650073559056e-32
app_LT_TKEO_std_6_coef,1.8239927026737675e-32
app_LT_TKEO_std_7_coef,3.951659586137228e-32
app_LT_TKEO_std_8_coef,1.541656237105754e-32
app_LT_TKEO_std_9_coef,1.3099830694911012e-32
app_LT_TKEO_std_10_coef,5.201941345215868e-32
tqwt_energy_dec_1,5.144495716122908e-32
tqwt_energy_dec_2,2.288944057835779e-32
tqwt_energy_dec_3,4.2193512724593056e-34
tqwt_energy_dec_4,5.708305310150765e-32
tqwt_energy_dec_5,3.9687987625465165e-32
tqwt_energy_dec_6,3.0013775764145005e-32
tqwt_energy_dec_7,5.572716554407769e-32
tqwt_energy_dec_8,7.086987849303015e-33
tqwt_energy_dec_9,1.2211669132615602e-32
tqwt_energy_dec_10,7.601077714733004e-32
tqwt_energy_dec_11,2.9262396742485715e-32
tqwt_energy_dec_12,1.416582155529651e-33
tqwt_energy_dec_13,1.5712991897582703e-32
tqwt_energy_dec_14,6.775711113195531e-32
tqwt_energy_dec_15,6.030803550587383e-32
tqwt_energy_dec_16,1.1804678852623344e-32
tqwt_energy_dec_17,6.201283671510175e-32
tqwt_energy_dec_18,2.297882323608061e-32
tqwt_energy_dec_19,8.468737061815228e-32
tqwt_energy_dec_20,9.761486608957904e-33
tqwt_energy_dec_21,1.1772053842805382e-31
tqwt_energy_dec_22,5.140406819396185e-32
tqwt_energy_dec_23,9.351342914910585e-32
tqwt_energy_dec_24,3.297232219834774e-32
tqwt_energy_dec_25,5.01743594473939e-32
tqwt_energy_dec_26,4.913903736285642e-32
tqwt_energy_dec_27,6.47753849673501e-32
tqwt_energy_dec_28,4.584113841649846e-32
tqwt_energy_dec_29,5.618800800373154e-32
tqwt_energy_dec_30,1.4198805234741837e-33
tqwt_energy_dec_31,7.209721178002029e-33
tqwt_energy_dec_32,5.109905487439802e-33
tqwt_energy_dec_33,4.8274171273613143e-32
tqwt_energy_dec_34,6.657680333363796e-33
tqwt_energy_dec_35,5.7745110017633004e-33
tqwt_energy_dec_36,2.7924618643405065e-33
tqwt_entropy_shannon_dec_1,7.767448127251247e-32
tqwt_entropy_shannon_dec_2,2.8358430126181066e-32
tqwt_entropy_shannon_dec_3,7.330516104301072e-32
tqwt_entropy_shannon_dec_4,8.423983034905847e-32
tqwt_entropy_shannon_dec_5,6.881988275897044e-32
tqwt_entropy_shannon_dec_6,1.2764738695269456e-31
tqwt_entropy_shannon_dec_7,5.61652969980366e-32
tqwt_entropy_shannon_dec_8,5.6764597392902755e-33
tqwt_entropy_shannon_dec_9,3.9299920368968973e-32
tqwt_entropy_shannon_dec_10,1.2530277726707407e-32
tqwt_entropy_shannon_dec_11,5.941119889320078e-33
tqwt_entropy_shannon_dec_12,6.533557314184088e-32
tqwt_entropy_shannon_dec_13,5.662965136776962e-32
tqwt_entropy_shannon_dec_14,2.2788835091358686e-32
tqwt_entropy_shannon_dec_15,2.1077225965679363e-33
tqwt_entropy_shannon_dec_16,1.1155796690277893e-32
tqwt_entropy_shannon_dec_17,5.1770280028048004e-33
tqwt_entropy_shannon_dec_18,9.883217427696964e-33
tqwt_entropy_shannon_dec_19,1.7168609399101465e-33
tqwt_entropy_shannon_dec_20,1.4988957857878454e-32
tqwt_entropy_shannon_dec_21,8.75711827010954e-34
tqwt_entropy_shannon_dec_22,9.649201460187168e-34
tqwt_entropy_shannon_dec_23,1.2529288143473685e-32
tqwt_entropy_shannon_dec_24,8.438423806001792e-33
tqwt_entropy_shannon_dec_25,1.552206548006682e-33
tqwt_entropy_shannon_dec_26,8.930605691009035e-33
tqwt_entropy_shannon_dec_27,1.2133141581794234e-33
tqwt_entropy_shannon_dec_28,2.866424569131631e-32
tqwt_entropy_shannon_dec_29,4.882994425870253e-33
tqwt_entropy_shannon_dec_30,6.431146876285263e-32
tqwt_entropy_shannon_dec_31,5.565346336533167e-33
tqwt_entropy_shannon_dec_32,2.5403410439720533e-32
tqwt_entropy_shannon_dec_33,3.2058929788729297e-34
tqwt_entropy_shannon_dec_34,2.3018508019838383e-32
tqwt_entropy_shannon_dec_35,3.8529120337873057e-32
tqwt_entropy_shannon_dec_36,4.349479626233255e-33
tqwt_entropy_log_dec_1,2.452501794273515e-32
tqwt_entropy_log_dec_2,3.8478903092699525e-33
tqwt_entropy_log_dec_3,5.795225023843572e-32
tqwt_entropy_log_dec_4,4.014869802874142e-33
tqwt_entropy_log_dec_5,3.5324834801201125e-32
tqwt_entropy_log_dec_6,5.511455447284245e-32
tqwt_entropy_log_dec_7,1.3024173925437142e-32
tqwt_entropy_log_dec_8,3.268335592785935e-32
tqwt_entropy_log_dec_9,1.944424524441574e-33
tqwt_entropy_log_dec_10,5.8237617650919875e-33
tqwt_entropy_log_dec_11,2.0744533312206408e-32
tqwt_entropy_log_dec_12,5.199763671260752e-32
tqwt_entropy_log_dec_13,8.878840444735224e-33
tqwt_entropy_log_dec_14,5.012136930687441e-32
tqwt_entropy_log_dec_15,2.0994378247395752e-32
tqwt_entropy_log_dec_16,7.725958338035737e-32
tqwt_entropy_log_dec_17,1.025316340863631e-31
tqwt_entropy_log_dec_18,1.4192422633279432e-35
tqwt_entropy_log_dec_19,4.565037853527175e-33
tqwt_entropy_log_dec_20,8.742291136563082e-33
tqwt_entropy_log_dec_21,1.2281090796470415e-32
tqwt_entropy_log_dec_22,1.7864079795433636e-32
tqwt_entropy_log_dec_23,4.442597388110404e-33
tqwt_entropy_log_dec_24,7.141937593719527e-33
tqwt_entropy_log_dec_25,5.1737392588759875e-33
tqwt_entropy_log_dec_26,8.663630539223884e-33
tqwt_entropy_log_dec_27,5.133413646424179e-33
tqwt_entropy_log_dec_28,2.038661874815592e-33
tqwt_entropy_log_dec_29,1.270248087622014e-32
tqwt_entropy_log_dec_30,9.487605001240534e-33
tqwt_entropy_log_dec_31,2.161763218279392e-33
tqwt_entropy_log_dec_32,2.2978886085509836e-32
tqwt_entropy_log_dec_33,8.271191495800019e-32
tqwt_entropy_log_dec_34,4.057441697074312e-33
tqwt_entropy_log_dec_35,5.6144037534058194e-33
tqwt_entropy_log_dec_36,8.271701407055322e-33
tqwt_TKEO_mean_dec_1,3.980439474253661e-33
tqwt_TKEO_mean_dec_2,6.513674324847479e-33
tqwt_TKEO_mean_dec_3,2.4184080658951906e-32
tqwt_TKEO_mean_dec_4,1.5129984940610176e-32
tqwt_TKEO_mean_dec_5,1.4798662955150047e-32
tqwt_TKEO_mean_dec_6,1.347074337194913e-31
tqwt_TKEO_mean_dec_7,1.1461813228978554e-32
tqwt_TKEO_mean_dec_8,1.1017826802143273e-33
tqwt_TKEO_mean_dec_9,3.275948228388726e-32
tqwt_TKEO_mean_dec_10,7.762533252986787e-32
tqwt_TKEO_mean_dec_11,8.41614314528863e-32
tqwt_TKEO_mean_dec_12,3.957319535864335e-32
tqwt_TKEO_mean_dec_13,2.1249749059674675e-32
tqwt_TKEO_mean_dec_14,1.1432283021096158e-31
tqwt_TKEO_mean_dec_15,1.9919780721264253e-33
tqwt_TKEO_mean_dec_16,9.201006731885825e-33
tqwt_TKEO_mean_dec_17,5.581427370310784e-32
tqwt_TKEO_mean_dec_18,7.840873834073591e-33
tqwt_TKEO_mean_dec_19,1.2520457888985677e-33
tqwt_TKEO_mean_dec_20,1.4623193829836195e-32
tqwt_TKEO_mean_dec_21,2.415239957915681e-32
tqwt_TKEO_mean_dec_22,7.509316646712073e-33
tqwt_TKEO_mean_dec_23,6.0427786167753454e-33
tqwt_TKEO_mean_dec_24,2.436096171345519e-33
tqwt_TKEO_mean_dec_25,1.9301359484482797e-32
tqwt_TKEO_mean_dec_26,1.1011463647240801e-31
tqwt_TKEO_mean_dec_27,2.5482487948346514e-32
tqwt_TKEO_mean_dec_28,3.180661731167706e-32
tqwt_TKEO_mean_dec_29,3.83608083258044e-32
tqwt_TKEO_mean_dec_30,4.1114614329659375e-33
tqwt_TKEO_mean_dec_31,5.632784950476336e-33
tqwt_TKEO_mean_dec_32,3.99124870843438e-32
tqwt_TKEO_mean_dec_33,1.1701314206548671e-32
tqwt_TKEO_mean_dec_34,4.2403764584611994e-32
tqwt_TKEO_mean_dec_35,4.1258115415172353e-33
tqwt_TKEO_mean_dec_36,6.259026576421044e-33
tqwt_TKEO_std_dec_1,7.4287030508467645e-34
tqwt_TKEO_std_dec_2,3.58055012433594e-32
tqwt_TKEO_std_dec_3,5.056270477602917e-33
tqwt_TKEO_std_dec_4,5.600095777196608e-33
tqwt_TKEO_std_dec_5,1.4124498812620425e-31
tqwt_TKEO_std_dec_6,1.4274872215072497e-33
tqwt_TKEO_std_dec_7,4.139516647850814e-34
tqwt_TKEO_std_dec_8,1.1073625033925213e-32
tqwt_TKEO_std_dec_9,3.628731369785714e-32
tqwt_TKEO_std_dec_10,6.477837891805999e-33
tqwt_TKEO_std_dec_11,2.3795818342507279e-32
tqwt_TKEO_std_dec_12,8.248317650531876e-32
tqwt_TKEO_std_dec_13,6.97409168039777e-32
tqwt_TKEO_std_dec_14,8.657941661732172e-33
tqwt_TKEO_std_dec_15,3.2125229556203476e-32
tqwt_TKEO_std_dec_16,1.6459585731211767e-32
tqwt_TKEO_std_dec_17,1.839124031070921e-32
tqwt_TKEO_std_dec_18,8.025983588156995e-33
tqwt_TKEO_std_dec_19,1.1735967878036836e-32
tqwt_TKEO_std_dec_20,3.3285368564778155e-32
tqwt_TKEO_std_dec_21,1.1471469569280828e-32
tqwt_TKEO_std_dec_22,1.214725608529911e-32
tqwt_TKEO_std_dec_23,1.0191305755656972e-32
tqwt_TKEO_std_dec_24,4.5951004355230996e-32
tqwt_TKEO_std_dec_25,9.064122809471161e-33
tqwt_TKEO_std_dec_26,9.257868745380909e-33
tqwt_TKEO_std_dec_27,1.3405067605802632e-31
tqwt_TKEO_std_dec_28,1.4714636346308809e-31
tqwt_TKEO_std_dec_29,5.458059023299671e-32
tqwt_TKEO_std_dec_30,2.2723290915104912e-32
tqwt_TKEO_std_dec_31,1.2421353472078112e-32
tqwt_TKEO_std_dec_32,6.783861098109537e-32
tqwt_TKEO_std_dec_33,1.1990384381019895e-32
tqwt_TKEO_std_dec_34,1.1481611535592473e-31
tqwt_TKEO_std_dec_35,1.7050799196163933e-32
tqwt_TKEO_std_dec_36,2.3695578267771785e-32
tqwt_medianValue_dec_1,1.71033040512311e-32
tqwt_medianValue_dec_2,5.673870696234675e-34
tqwt_medianValue_dec_3,2.4101213560088868e-32
tqwt_medianValue_dec_4,3.598717869876268e-34
tqwt_medianValue_dec_5,3.0747993220549755e-33
tqwt_medianValue_dec_6,5.2928179995593074e-33
tqwt_medianValue_dec_7,2.8529642739165398e-33
tqwt_medianValue_dec_8,7.492926746261908e-33
tqwt_medianValue_dec_9,8.36159871524936e-33
tqwt_medianValue_dec_10,1.6441749788788866e-33
tqwt_medianValue_dec_11,4.5965913833006986e-33
tqwt_medianValue_dec_12,3.504770914296831e-34
tqwt_medianValue_dec_13,1.0672137225673774e-34
tqwt_medianValue_dec_14,2.137428382177065e-33
tqwt_medianValue_dec_15,2.432776124264218e-34
tqwt_medianValue_dec_16,1.2084673547264049e-33
tqwt_medianValue_dec_17,2.5821630400657364e-34
tqwt_medianValue_dec_18,1.0178075140819175e-32
tqwt_medianValue_dec_19,3.2922278156458255e-33
tqwt_medianValue_dec_20,9.390278967935473e-34
tqwt_medianValue_dec_21,4.7197386197491866e-33
tqwt_medianValue_dec_22,3.461607330867645e-33
tqwt_medianValue_dec_23,1.1256872793541265e-32
tqwt_medianValue_dec_24,7.582349098368676e-34
tqwt_medianValue_dec_25,1.106803443953366e-33
tqwt_medianValue_dec_26,3.1703204050517366e-35
tqwt_medianValue_dec_27,1.1579107412172656e-34
tqwt_medianValue_dec_28,9.299047667552767e-34
tqwt_medianValue_dec_29,1.463836231505188e-33
tqwt_medianValue_dec_30,1.4056233719141852e-32
tqwt_medianValue_dec_31,4.545481973825378e-33
tqwt_medianValue_dec_32,1.2116687172912024e-33
tqwt_medianValue_dec_33,2.4040699980968655e-32
tqwt_medianValue_dec_34,1.9742514799261546e-32
tqwt_medianValue_dec_35,2.936229643758566e-32
tqwt_medianValue_dec_36,8.251565168907184e-33
tqwt_meanValue_dec_1,2.216924223724551e-66
tqwt_meanValue_dec_2,9.220860029657885e-68
tqwt_meanValue_dec_3,1.5452627246225462e-68
tqwt_meanValue_dec_4,2.516382046097551e-67
tqwt_meanValue_dec_5,5.833919821621001e-66
tqwt_meanValue_dec_6,1.802173877589858e-67
tqwt_meanValue_dec_7,1.0
tqwt_meanValue_dec_8,9.030953388989839e-66
tqwt_meanValue_dec_9,7.687374760086713e-66
tqwt_meanValue_dec_10,2.668028013256261e-65
tqwt_meanValue_dec_11,5.666398366694169e-65
tqwt_meanValue_dec_12,5.106637289889966e-64
tqwt_meanValue_dec_13,1.943699001382141e-64
tqwt_meanValue_dec_14,6.319847442944147e-63
tqwt_meanValue_dec_15,1.3403358764534833e-62
tqwt_meanValue_dec_16,2.225220833917541e-64
tqwt_meanValue_dec_17,1.0852615142791835e-63
tqwt_meanValue_dec_18,5.093717779618407e-63
tqwt_meanValue_dec_19,1.000000000000001
tqwt_meanValue_dec_20,5.786812439424859e-64
tqwt_meanValue_dec_21,1.4611390776146455e-63
tqwt_meanValue_dec_22,6.595363440756904e-62
tqwt_meanValue_dec_23,4.3867959099791856e-63
tqwt_meanValue_dec_24,1.3626435547340271e-62
tqwt_meanValue_dec_25,3.745994028967746e-63
tqwt_meanValue_dec_26,3.579165262362331e-61
tqwt_meanValue_dec_27,2.0018111158538115e-62
tqwt_meanValue_dec_28,1.3891980636802414e-62
tqwt_meanValue_dec_29,5.503785871056321e-63
tqwt_meanValue_dec_30,2.434442548066827e-63
tqwt_meanValue_dec_31,6.460848372063147e-64
tqwt_meanValue_dec_32,7.383715354538576e-63
tqwt_meanValue_dec_33,2.5197217764499997e-63
tqwt_meanValue_dec_34,4.1287899903805485e-64
tqwt_meanValue_dec_35,1.4914727584918473e-63
tqwt_meanValue_dec_36,4.571048904923603e-34
tqwt_stdValue_dec_1,1.658013585603111e-31
tqwt_stdValue_dec_2,1.0717933167360373e-32
tqwt_stdValue_dec_3,8.644141477589873e-32
tqwt_stdValue_dec_4,1.6131675020942536e-32
tqwt_stdValue_dec_5,2.139015486192752e-33
tqwt_stdValue_dec_6,2.6010924836050655e-33
tqwt_stdValue_dec_7,5.534099858448943e-33
tqwt_stdValue_dec_8,1.5396146705793936e-32
tqwt_stdValue_dec_9,3.809097224761476e-32
tqwt_stdValue_dec_10,5.029461086918047e-32
tqwt_stdValue_dec_11,2.0002371643310606e-31
tqwt_stdValue_dec_12,8.24878297999455e-32
tqwt_stdValue_dec_13,5.412156396539723e-32
tqwt_stdValue_dec_14,4.005276334875226e-34
tqwt_stdValue_dec_15,7.635381182393314e-33
tqwt_stdValue_dec_16,6.152015236864016e-34
tqwt_stdValue_dec_17,5.917339507067189e-32
tqwt_stdValue_dec_18,1.390877888177531e-32
tqwt_stdValue_dec_19,3.748149882155714e-33
tqwt_stdValue_dec_20,4.45952563837305e-32
tqwt_stdValue_dec_21,1.749746890671101e-33
tqwt_stdValue_dec_22,2.0144342105860524e-33
tqwt_stdValue_dec_23,2.8766819715885885e-32
tqwt_stdValue_dec_24,3.20316858204086e-32
tqwt_stdValue_dec_25,1.1406314223635292e-32
tqwt_stdValue_dec_26,1.0826810861206462e-32
tqwt_stdValue_dec_27,4.6227387677408533e-32
tqwt_stdValue_dec_28,2.640646446875058e-33
tqwt_stdValue_dec_29,6.289413971801424e-33
tqwt_stdValue_dec_30,6.21509374568091e-32
tqwt_stdValue_dec_31,2.1525139479539465e-32
tqwt_stdValue_dec_32,4.1189474672969294e-33
tqwt_stdValue_dec_33,1.6047348073453657e-33
tqwt_stdValue_dec_34,2.2572226080196277e-32
tqwt_stdValue_dec_35,4.736895614940272e-33
tqwt_stdValue_dec_36,4.8682955350700496e-32
tqwt_minValue_dec_1,4.077968603650601e-33
tqwt_minValue_dec_2,6.745619020602369e-33
tqwt_minValue_dec_3,4.145137643430868e-33
tqwt_minValue_dec_4,2.1923565323288354e-32
tqwt_minValue_dec_5,4.757072202249052e-32
tqwt_minValue_dec_6,1.5624687769813483e-32
tqwt_minValue_dec_7,1.6136701512444737e-32
tqwt_minValue_dec_8,2.096014873073619e-32
tqwt_minValue_dec_9,1.332756126606331e-32
tqwt_minValue_dec_10,5.898661898822335e-33
tqwt_minValue_dec_11,1.1913668853100653e-32
tqwt_minValue_dec_12,2.63453198888094e-32
tqwt_minValue_dec_13,1.9350734638055664e-33
tqwt_minValue_dec_14,1.3880490433538762e-31
tqwt_minValue_dec_15,9.940281950666072e-33
tqwt_minValue_dec_16,3.985466921056563e-33
tqwt_minValue_dec_17,2.895916225085087e-32
tqwt_minValue_dec_18,1.4089826356012546e-33
tqwt_minValue_dec_19,1.4616502288947365e-32
tqwt_minValue_dec_20,3.264173421454345e-32
tqwt_minValue_dec_21,8.316590125702644e-32
tqwt_minValue_dec_22,3.3602522302488654e-33
tqwt_minValue_dec_23,2.4799200867553703e-33
tqwt_minValue_dec_24,2.9419080087912865e-32
tqwt_minValue_dec_25,3.638943059900207e-32
tqwt_minValue_dec_26,4.1186316457949656e-32
tqwt_minValue_dec_27,1.9538772156656352e-32
tqwt_minValue_dec_28,3.4689730122550413e-31
tqwt_minValue_dec_29,2.0077737690496582e-32
tqwt_minValue_dec_30,3.1869832104523e-32
tqwt_minValue_dec_31,1.3457140255673942e-31
tqwt_minValue_dec_32,7.337595021593438e-32
tqwt_minValue_dec_33,7.812187191525259e-33
tqwt_minValue_dec_34,4.701730773446973e-33
tqwt_minValue_dec_35,7.795850019716329e-32
tqwt_minValue_dec_36,1.5830677289554014e-32
tqwt_maxValue_dec_1,9.229950814575835e-33
tqwt_maxValue_dec_2,8.947346097604058e-33
tqwt_maxValue_dec_3,8.858118544801242e-32
tqwt_maxValue_dec_4,4.536135174494182e-33
tqwt_maxValue_dec_5,3.0792025692742734e-32
tqwt_maxValue_dec_6,1.744405674433256e-33
tqwt_maxValue_dec_7,4.744205762171075e-33
tqwt_maxValue_dec_8,6.084857306597407e-33
tqwt_maxValue_dec_9,1.3807772044824823e-32
tqwt_maxValue_dec_10,1.54295026863379e-32
tqwt_maxValue_dec_11,2.247628915354937e-33
tqwt_maxValue_dec_12,1.9351306716569053e-33
tqwt_maxValue_dec_13,8.686329379914567e-33
tqwt_maxValue_dec_14,1.20900286438066e-32
tqwt_maxValue_dec_15,9.197037436007205e-33
tqwt_maxValue_dec_16,3.606167636728932e-32
tqwt_maxValue_dec_17,1.1778953751054989e-31
tqwt_maxValue_dec_18,3.4541746122987774e-33
tqwt_maxValue_dec_19,9.9727676442859e-34
tqwt_maxValue_dec_20,1.0028178144689317e-33
tqwt_maxValue_dec_21,1.6377063715988284e-31
tqwt_maxValue_dec_22,6.269240946166865e-33
tqwt_maxValue_dec_23,4.515591749483341e-33
tqwt_maxValue_dec_24,1.0228494148005718e-32
tqwt_maxValue_dec_25,1.0655095471970681e-32
tqwt_maxValue_dec_26,7.824799456937696e-32
tqwt_maxValue_dec_27,6.360797774556405e-33
tqwt_maxValue_dec_28,2.4033418096736224e-32
tqwt_maxValue_dec_29,3.46716617782993e-32
tqwt_maxValue_dec_30,1.4231331481469994e-32
tqwt_maxValue_dec_31,9.201836335494544e-33
tqwt_maxValue_dec_32,2.660596899367556e-33
tqwt_maxValue_dec_33,1.3984961144401887e-31
tqwt_maxValue_dec_34,1.0399560540066883e-32
tqwt_maxValue_dec_35,7.006609213621307e-33
tqwt_maxValue_dec_36,3.618373031887499e-32
tqwt_skewnessValue_dec_1,9.025854544420478e-34
tqwt_skewnessValue_dec_2,2.5743642883738395e-32
tqwt_skewnessValue_dec_3,1.224885233742123e-33
tqwt_skewnessValue_dec_4,7.314866397703973e-33
tqwt_skewnessValue_dec_5,4.779082270864646e-33
tqwt_skewnessValue_dec_6,4.534028260098804e-34
tqwt_skewnessValue_dec_7,1.2198508331925562e-32
tqwt_skewnessValue_dec_8,1.868660861797419e-32
tqwt_skewnessValue_dec_9,1.3185959759065885e-31
tqwt_skewnessValue_dec_10,1.0850317780229984e-31
tqwt_skewnessValue_dec_11,9.450921683622056e-32
tqwt_skewnessValue_dec_12,1.9566357514128906e-32
tqwt_skewnessValue_dec_13,7.319271570966736e-33
tqwt_skewnessValue_dec_14,7.186563817905836e-33
tqwt_skewnessValue_dec_15,9.334598124861564e-34
tqwt_skewnessValue_dec_16,1.1572596216847422e-32
tqwt_skewnessValue_dec_17,2.73479899638655e-32
tqwt_skewnessValue_dec_18,1.5451979710932284e-34
tqwt_skewnessValue_dec_19,2.7420685865415705e-34
tqwt_skewnessValue_dec_20,1.1942430675498363e-32
tqwt_skewnessValue_dec_21,7.065457736555714e-33
tqwt_skewnessValue_dec_22,2.742126459861074e-33
tqwt_skewnessValue_dec_23,1.1347920198243232e-32
tqwt_skewnessValue_dec_24,1.2545174004620666e-32
tqwt_skewnessValue_dec_25,1.550362624458385e-32
tqwt_skewnessValue_dec_26,1.1106694272593363e-34
tqwt_skewnessValue_dec_27,1.2156925704858204e-32
tqwt_skewnessValue_dec_28,3.5809587354879195e-33
tqwt_skewnessValue_dec_29,3.384813957926508e-33
tqwt_skewnessValue_dec_30,2.1696680379993803e-33
tqwt_skewnessValue_dec_31,2.7896958170697694e-33
tqwt_skewnessValue_dec_32,5.659383237025297e-33
tqwt_skewnessValue_dec_33,1.0933801676253554e-32
tqwt_skewnessValue_dec_34,3.3279393618130075e-34
tqwt_skewnessValue_dec_35,1.308566974694465e-33
tqwt_skewnessValue_dec_36,1.5586753381608486e-33
tqwt_kurtosisValue_dec_1,2.829961480567952e-34
tqwt_kurtosisValue_dec_2,1.4756017787460054e-32
tqwt_kurtosisValue_dec_3,3.46774616714138e-33
tqwt_kurtosisValue_dec_4,1.9304372470312274e-33
tqwt_kurtosisValue_dec_5,1.807923841367248e-32
tqwt_kurtosisValue_dec_6,6.6776238130351525e-34
tqwt_kurtosisValue_dec_7,1.3229930166386594e-32
tqwt_kurtosisValue_dec_8,1.0028244167518516e-32
tqwt_kurtosisValue_dec_9,5.00143816804199e-34
tqwt_kurtosisValue_dec_10,2.7893401215356587e-33
tqwt_kurtosisValue_dec_11,1.435283289214256e-32
tqwt_kurtosisValue_dec_12,8.601516568866525e-33
tqwt_kurtosisValue_dec_13,6.958962637233944e-33
tqwt_kurtosisValue_dec_14,1.0954560654252373e-33
tqwt_kurtosisValue_dec_15,3.234516134816442e-32
tqwt_kurtosisValue_dec_16,4.8549138619559316e-32
tqwt_kurtosisValue_dec_17,1.5914550179432612e-31
tqwt_kurtosisValue_dec_18,3.1493201974966765e-32
tqwt_kurtosisValue_dec_19,1.6564920789429554e-31
tqwt_kurtosisValue_dec_20,3.6312680361697014e-33
tqwt_kurtosisValue_dec_21,8.241224179192866e-32
tqwt_kurtosisValue_dec_22,1.7343601972201614e-32
tqwt_kurtosisValue_dec_23,1.212514457405625e-33
tqwt_kurtosisValue_dec_24,3.780892256335391e-33
tqwt_kurtosisValue_dec_25,1.4662019064624944e-33
tqwt_kurtosisValue_dec_26,2.4540814831149462e-33
tqwt_kurtosisValue_dec_27,4.981889902391656e-33
tqwt_kurtosisValue_dec_28,1.2452795068905948e-33
tqwt_kurtosisValue_dec_29,5.597761821012489e-33
tqwt_kurtosisValue_dec_30,5.469369262792319e-34
tqwt_kurtosisValue_dec_31,7.746835949186932e-33
tqwt_kurtosisValue_dec_32,7.724885378941987e-33
tqwt_kurtosisValue_dec_33,2.9716544408855405e-34
tqwt_kurtosisValue_dec_34,6.521261032196627e-33
tqwt_kurtosisValue_dec_35,5.49465757649127e-33
tqwt_kurtosisValue_dec_36,6.546688514019269e-34
